date,title,link,department
2022/05/06,111年度「文化部提升表演藝術倉儲環境補助計畫」補助名單,AwardPublish.jsp?__viewstate=KSQNMhhcbO3G8IvssNAMQNut3Y5aoT1f3btcjCX4x9+xVtWuyGKjeUwfVEptyrGBLgdL2bN3txI=,文化部-藝術發展司
2022/05/05,111年「流行音樂產業行銷推廣補助案」第一類獲補助名單,AwardPublish.jsp?__viewstate=KSQNMhhcbO0foPyT5dL5klpaH6yIKZ0omdNC0Pv85r6xVtWuyGKjeUwfVEptyrGBLgdL2bN3txI=,文化部影視及流行音樂產業局-流行音樂產業組
2022/05/05,111年「流行音樂產業行銷推廣補助案」第二類獲補助名單,AwardPublish.jsp?__viewstate=KSQNMhhcbO0foPyT5dL5klpaH6yIKZ0oUMBObvquLy2xVtWuyGKjeUwfVEptyrGBLgdL2bN3txI=,文化部影視及流行音樂產業局-流行音樂產業組
2022/04/28,111年「國家鐵道博物館籌備處推展鐵道學術暨文化活動補助計畫」補助名單,AwardPublish.jsp?__viewstate=KSQNMhhcbO1j3tAcoqf6HIikbexp05klyNlV7l0rHpSxVtWuyGKjeUwfVEptyrGBLgdL2bN3txI=,國家鐵道博物館籌備處
2022/04/27,111年國家人權博物館推動不義遺址保存維護與人權事務發展補助核定補助名單	,AwardPublish.jsp?__viewstate=KSQNMhhcbO2tGXohfkqfwX62tRAGpD/krn/dtTH8m/ixVtWuyGKjeUwfVEptyrGBLgdL2bN3txI=,國家人權博物館
2022/04/27,111年度影視人才培訓補助案獲補助名單,AwardPublish.jsp?__viewstate=KSQNMhhcbO1sM33TLXay3362tRAGpD/kLlbxRcODRT6xVtWuyGKjeUwfVEptyrGBLgdL2bN3txI=,文化部影視及流行音樂產業局-廣播電視產業組
2022/04/26,111年「文化部補助文化團體及個人從事文化交流活動處理要點」臺灣與拉丁美洲文化交流合作專案(第2次徵件)補助名單,AwardPublish.jsp?__viewstate=KSQNMhhcbO0olQXOoGDGH8QI1J9RMWSkrn/dtTH8m/ixVtWuyGKjeUwfVEptyrGBLgdL2bN3txI=,文化部-文化交流司
2022/04/19,111年度綜藝節目製作補助案獲補助名單,AwardPublish.jsp?__viewstate=KSQNMhhcbO1sM33TLXay3/4yrjuCQUkQyNlV7l0rHpSxVtWuyGKjeUwfVEptyrGBLgdL2bN3txI=,文化部影視及流行音樂產業局-廣播電視產業組
2022/04/13,111年「流行音樂人才培訓補助案」第一類獲補助名單,AwardPublish.jsp?__viewstate=KSQNMhhcbO3R9CvKaKS9fcMcrS1paBJXUMBObvquLy2xVtWuyGKjeUwfVEptyrGBLgdL2bN3txI=,文化部影視及流行音樂產業局-流行音樂產業組
2022/04/13,111年「流行音樂人才培訓補助案」第二類獲補助名單,AwardPublish.jsp?__viewstate=KSQNMhhcbO3R9CvKaKS9fcMcrS1paBJX3btcjCX4x9+xVtWuyGKjeUwfVEptyrGBLgdL2bN3txI=,文化部影視及流行音樂產業局-流行音樂產業組
2022/04/12,111年度兒童電視節目製作補助案獲補助名單,AwardPublish.jsp?__viewstate=KSQNMhhcbO3ZJi1saVIUPv8QwPOQBskE8Juq+AZBErmxVtWuyGKjeUwfVEptyrGBLgdL2bN3txI=,文化部影視及流行音樂產業局-廣播電視產業組
2022/04/01,111年「文化部文化體驗內容徵選補助作業要點」 (中區) 獲補助名單,AwardPublish.jsp?__viewstate=KSQNMhhcbO2tBu8noJgxzAoxqeBHw2emeleDisGKEM+xVtWuyGKjeUwfVEptyrGBLgdL2bN3txI=,國立彰化生活美學館
2022/03/30,111年北區「文化部文化體驗內容徵選補助作業要點」獲補助名單暨委員名單,AwardPublish.jsp?__viewstate=KSQNMhhcbO2a47GJgSqdz/OKarhNs5M+rn/dtTH8m/ixVtWuyGKjeUwfVEptyrGBLgdL2bN3txI=,國立新竹生活美學館
2022/03/17,111年度「文化部補助文化團體及個人從事文化交流 活動處理要點」專案補助(東南亞、西亞及南亞、青年園丁)審查結果,AwardPublish.jsp?__viewstate=KSQNMhhcbO0olQXOoGDGHwoF5CIUaYRAU4gEFNUeFMixVtWuyGKjeUwfVEptyrGBLgdL2bN3txI=,文化部-文化交流司
2022/03/15,111年度文化部輔導核心創作及獨立工作者進駐文化創意聚落計畫補助名單,AwardPublish.jsp?__viewstate=KSQNMhhcbO0id+4mcir8dcfWkIiXI2SWiWi8pTbkCD2xVtWuyGKjeUwfVEptyrGBLgdL2bN3txI=,文化部-文創發展司
2022/03/14,111年文化部文化體驗內容徵選補助作業要點 (南區) 獲補助名單,AwardPublish.jsp?__viewstate=KSQNMhhcbO1dssvORRvWf88p0XYxOIVwrn/dtTH8m/ixVtWuyGKjeUwfVEptyrGBLgdL2bN3txI=,國立臺南生活美學館
2022/03/14,111年文化部推廣文化平權補助作業要點補助名單,AwardPublish.jsp?__viewstate=KSQNMhhcbO3wt/lpRf4xeHD2SXitWiXm8Juq+AZBErmxVtWuyGKjeUwfVEptyrGBLgdL2bN3txI=,文化部-綜合規劃司
2022/03/09,(111年)文化部補助直轄市及縣(市)政府推動文化創意產業發展作業要點,AwardPublish.jsp?__viewstate=KSQNMhhcbO35MybkQcu9u7eQcK8Ty6NdiWi8pTbkCD2xVtWuyGKjeUwfVEptyrGBLgdL2bN3txI=,文化部-文創發展司
2022/03/07,「111年選送文化相關人才出國駐村交流計畫－英國灣園(Cove Park)」第二階段公告,AwardPublish.jsp?__viewstate=KSQNMhhcbO18xpIzJL6GC0P/OoYgUCCjLlbxRcODRT6xVtWuyGKjeUwfVEptyrGBLgdL2bN3txI=,文化部-人文及出版司
2022/03/07,"「111年選送文化相關人才出國駐村及交流計畫文學類甄選結果第二階段公告」-美國聖塔菲藝術學院(Santa Fe Art Institute, SFAI)",AwardPublish.jsp?__viewstate=KSQNMhhcbO18xpIzJL6GC0P/OoYgUCCjyNlV7l0rHpSxVtWuyGKjeUwfVEptyrGBLgdL2bN3txI=,文化部-人文及出版司
2022/02/24,111年度「電影人才培訓輔導要點」第1梯次補助名單,AwardPublish.jsp?__viewstate=KSQNMhhcbO2ExiIiZgLLEwM8D4M9/22H3btcjCX4x9+xVtWuyGKjeUwfVEptyrGBLgdL2bN3txI=,文化部影視及流行音樂產業局-電影產業組
2022/02/18,111年「文化部推動社區營造及村落文化補助作業要點」獲補助名單-東區,AwardPublish.jsp?__viewstate=KSQNMhhcbO0S4dAFF/MCI6Yj01doFhtDiWi8pTbkCD2xVtWuyGKjeUwfVEptyrGBLgdL2bN3txI=,國立臺東生活美學館
2022/02/18,111年第23屆文化部選送文化相關人才出國駐村交流計畫-荷蘭歐洲陶藝中心獲選名單,AwardPublish.jsp?__viewstate=KSQNMhhcbO18xpIzJL6GC6l0UI4GkaV7rn/dtTH8m/ixVtWuyGKjeUwfVEptyrGBLgdL2bN3txI=,文化部-藝術發展司
2022/02/15,111年「文化部推動社區營造及村落文化補助計畫」自主參與類第1期獲補助名單及審查委員名單,AwardPublish.jsp?__viewstate=KSQNMhhcbO2tBu8noJgxzKl0UI4GkaV7UMBObvquLy2xVtWuyGKjeUwfVEptyrGBLgdL2bN3txI=,國立彰化生活美學館
2022/02/15,111年「文化部推動社區營造及村落文化補助計畫」互助共好類獲補助名單及審查委員名單,AwardPublish.jsp?__viewstate=KSQNMhhcbO2tBu8noJgxzKl0UI4GkaV73btcjCX4x9+xVtWuyGKjeUwfVEptyrGBLgdL2bN3txI=,國立彰化生活美學館
2022/02/15,110年國際工藝設計競賽入選或得獎者補助名單,AwardPublish.jsp?__viewstate=KSQNMhhcbO1wFizIWpX53BtlXE+6Km4ReleDisGKEM+xVtWuyGKjeUwfVEptyrGBLgdL2bN3txI=,國立臺灣工藝研究發展中心
2022/02/14,110年第22屆文化部選送文化相關人才出國駐村交流計畫-法國西帖藝術村-影視及流行音樂類獲選名單,AwardPublish.jsp?__viewstate=KSQNMhhcbO1yJyDxxmxR8wjb7+EnBVARiWi8pTbkCD2xVtWuyGKjeUwfVEptyrGBLgdL2bN3txI=,文化部-影視及流行音樂發展司
2022/02/14,（竹美館）111年「文化部推動社區營造及村落文化補助計畫」互助共好類獲補助名單及審查委員名單,AwardPublish.jsp?__viewstate=KSQNMhhcbO2tGXohfkqfwegs5mMwBE86mdNC0Pv85r6xVtWuyGKjeUwfVEptyrGBLgdL2bN3txI=,國立新竹生活美學館
2022/02/11,（竹美館）111年「文化部推動社區營造及村落文化補助計畫」自主參與類第1期獲補助名單及審查委員名單,AwardPublish.jsp?__viewstate=KSQNMhhcbO2tGXohfkqfwegs5mMwBE86LlbxRcODRT6xVtWuyGKjeUwfVEptyrGBLgdL2bN3txI=,國立新竹生活美學館
2022/02/09,「2022年數位科技與視覺藝術跨界創作補助計畫」評選結果揭曉,AwardPublish.jsp?__viewstate=KSQNMhhcbO0PA2ox4V1nkGzn+GySOO1w8Juq+AZBErmxVtWuyGKjeUwfVEptyrGBLgdL2bN3txI=,國立臺灣美術館
2022/01/28,111年度文化部推動社區營造及村落文化補助計畫-互助共好類獲補助名單及評審委員名單,AwardPublish.jsp?__viewstate=KSQNMhhcbO1dssvORRvWf0DO80BUqDMneleDisGKEM+xVtWuyGKjeUwfVEptyrGBLgdL2bN3txI=,國立臺南生活美學館
2022/01/28,111年度文化部推動社區營造及村落文化補助計畫-(第一梯次)自主參與類獲補助名單及評審委員名單,AwardPublish.jsp?__viewstate=KSQNMhhcbO1dssvORRvWf0DO80BUqDMnLlbxRcODRT6xVtWuyGKjeUwfVEptyrGBLgdL2bN3txI=,國立臺南生活美學館
2022/01/28,文化部111年「選送文化相關人才出國駐村交流計畫」 漫畫類-西班牙談論藝術村獲選名單公告,AwardPublish.jsp?__viewstate=KSQNMhhcbO18xpIzJL6GC31lwqsKWcnRyNlV7l0rHpSxVtWuyGKjeUwfVEptyrGBLgdL2bN3txI=,文化部-人文及出版司
2022/01/27,111年第1期國家人權博物館人權教育推廣活動補助計畫審查結果,AwardPublish.jsp?__viewstate=KSQNMhhcbO3G8IvssNAMQKyIfcrhiqSfeleDisGKEM+xVtWuyGKjeUwfVEptyrGBLgdL2bN3txI=,國家人權博物館
2022/01/27,111年第23屆文化部選送文化相關人才出國駐村交流計畫-美國18街藝術中心獲選名單,AwardPublish.jsp?__viewstate=KSQNMhhcbO18xpIzJL6GC5C8H9mC9Vyg8Juq+AZBErmxVtWuyGKjeUwfVEptyrGBLgdL2bN3txI=,文化部-藝術發展司
2022/01/26,111年度「扶植青年藝術發展補助計畫」補助名單,AwardPublish.jsp?__viewstate=KSQNMhhcbO18xpIzJL6GC7FmL7iVL5L1UMBObvquLy2xVtWuyGKjeUwfVEptyrGBLgdL2bN3txI=,文化部-藝術發展司
2022/01/26,文化部111年度「漫畫創作及出版行銷獎勵要點」獎勵名單,AwardPublish.jsp?__viewstate=KSQNMhhcbO2ExiIiZgLLE5C8H9mC9VygU4gEFNUeFMixVtWuyGKjeUwfVEptyrGBLgdL2bN3txI=,文化部-人文及出版司
2022/01/25,文化部111年度「補助藝術村營運扶植計畫」補助名單,AwardPublish.jsp?__viewstate=KSQNMhhcbO2ExiIiZgLLExsP+IrNWUhI3btcjCX4x9+xVtWuyGKjeUwfVEptyrGBLgdL2bN3txI=,文化部-藝術發展司
2022/01/21,文化部111年度「視覺藝術類補助作業要點」獲補助名單公告,AwardPublish.jsp?__viewstate=KSQNMhhcbO18xpIzJL6GC1QPcxc37L4Hrn/dtTH8m/ixVtWuyGKjeUwfVEptyrGBLgdL2bN3txI=,文化部-藝術發展司
2022/01/20,第五屆臺灣青年陶藝獎,AwardPublish.jsp?__viewstate=KSQNMhhcbO1wFizIWpX53KP+jL3XHwwOmdNC0Pv85r6xVtWuyGKjeUwfVEptyrGBLgdL2bN3txI=,國立臺灣工藝研究發展中心
2022/01/19,111年度文化部青年創作獲獎勵名單,AwardPublish.jsp?__viewstate=KSQNMhhcbO0olQXOoGDGH6P+jL3XHwwOiWi8pTbkCD2xVtWuyGKjeUwfVEptyrGBLgdL2bN3txI=,文化部-人文及出版司
2022/01/17,111年第23屆文化部選送文化相關人才出國駐村交流計畫-德國貝塔藝術村獲選名單,AwardPublish.jsp?__viewstate=KSQNMhhcbO18xpIzJL6GC0XP+dI7Y3W6rn/dtTH8m/ixVtWuyGKjeUwfVEptyrGBLgdL2bN3txI=,文化部-藝術發展司
2022/01/11,111年度「文化部臺灣品牌團隊計畫」補助名單,AwardPublish.jsp?__viewstate=KSQNMhhcbO0olQXOoGDGHxRacTArXVS8LlbxRcODRT6xVtWuyGKjeUwfVEptyrGBLgdL2bN3txI=,文化部-藝術發展司
2022/01/10,文化部110年第二期翻譯出版獎勵計畫獲獎名單/ Announcement of GPT 2021 (the 2nd Round),AwardPublish.jsp?__viewstate=KSQNMhhcbO1yJyDxxmxR87ztz4CIvo3oUMBObvquLy2xVtWuyGKjeUwfVEptyrGBLgdL2bN3txI=,文化部-人文及出版司
2022/01/10,文化部111年度時尚跨界活動補助案第一梯次審查結果公告,AwardPublish.jsp?__viewstate=KSQNMhhcbO3G8IvssNAMQAl2j2kzTosxeleDisGKEM+xVtWuyGKjeUwfVEptyrGBLgdL2bN3txI=,文化部-文創發展司
2022/01/07,111年「媒合演藝團隊進駐演藝場所合作計畫」補助名單,AwardPublish.jsp?__viewstate=KSQNMhhcbO1oBJaM3x2LqIyPXv7SrPIRU4gEFNUeFMixVtWuyGKjeUwfVEptyrGBLgdL2bN3txI=,文化部-藝術發展司
2022/01/05,111年表演藝術類補助作業要點補助名單,AwardPublish.jsp?__viewstate=KSQNMhhcbO18xpIzJL6GC+BMqFq4M+IceleDisGKEM+xVtWuyGKjeUwfVEptyrGBLgdL2bN3txI=,文化部-藝術發展司
2022/01/05,111年「文化部補助文化團體及個人從事文化交流活動處理要點」臺灣與拉丁美洲文化交流合作專案補助名單,AwardPublish.jsp?__viewstate=KSQNMhhcbO0olQXOoGDGH0XP+dI7Y3W6LlbxRcODRT6xVtWuyGKjeUwfVEptyrGBLgdL2bN3txI=,文化部-文化交流司
2022/01/05,111年「文化部科技藝術創作發展補助作業要點」 補助名單,AwardPublish.jsp?__viewstate=KSQNMhhcbO18xpIzJL6GCxY0N9AuZCaeyNlV7l0rHpSxVtWuyGKjeUwfVEptyrGBLgdL2bN3txI=,文化部-藝術發展司
2022/01/04,110年度第2梯次國產電影長片輔導金獲選名單,AwardPublish.jsp?__viewstate=KSQNMhhcbO2vsUeZbEOV5V0MWdostMaj3btcjCX4x9+xVtWuyGKjeUwfVEptyrGBLgdL2bN3txI=,文化部影視及流行音樂產業局-電影產業組
2022/01/03,110年第5次「文化部辦理發展國際數位傳播補助作業要點」獲補助名單,AwardPublish.jsp?__viewstate=KSQNMhhcbO19FjDLNoarw9DAZq2M6j4irn/dtTH8m/ixVtWuyGKjeUwfVEptyrGBLgdL2bN3txI=,文化部-影視及流行音樂發展司
2022/01/03,111年度推動實體書店發展補助獲補助名單,AwardPublish.jsp?__viewstate=KSQNMhhcbO0olQXOoGDGH+F+Z25JS39K8Juq+AZBErmxVtWuyGKjeUwfVEptyrGBLgdL2bN3txI=,文化部-人文及出版司
2021/12/31,110年第2次文化部補助辦理蒙藏學術文化及人道援助活動申請案件審查結果,AwardPublish.jsp?__viewstate=KSQNMhhcbO0LNp6OTlbJYNP7dFeccLWH8Juq+AZBErmxVtWuyGKjeUwfVEptyrGBLgdL2bN3txI=,文化部-蒙藏文化中心
2021/12/30,111年度「文化部語言友善環境及創作應用補助作業要點」,AwardPublish.jsp?__viewstate=KSQNMhhcbO0olQXOoGDGHw559HkEmMnoiWi8pTbkCD2xVtWuyGKjeUwfVEptyrGBLgdL2bN3txI=,文化部-人文及出版司
2021/12/30,110年第4次「文化部辦理發展國際數位傳播補助作業要點」獲補助名單,AwardPublish.jsp?__viewstate=KSQNMhhcbO19FjDLNoarw9DAZq2M6j4imdNC0Pv85r6xVtWuyGKjeUwfVEptyrGBLgdL2bN3txI=,文化部-影視及流行音樂發展司
2021/12/29,111年第1期「文化部推廣文學閱讀及人文活動補助作業—文學推廣類」補助名單,AwardPublish.jsp?__viewstate=KSQNMhhcbO0olQXOoGDGH4yPXv7SrPIReleDisGKEM+xVtWuyGKjeUwfVEptyrGBLgdL2bN3txI=,文化部-人文及出版司
2021/12/29,110年度「文化部辦理國際競賽獲獎者獎勵作業要點」獲獎勵名單,AwardPublish.jsp?__viewstate=KSQNMhhcbO1oBJaM3x2LqLi8OQlaJsJFLlbxRcODRT6xVtWuyGKjeUwfVEptyrGBLgdL2bN3txI=,文化部-文創發展司
2021/12/28,111年第一期「文化部推廣文學閱讀及人文活動補助作業--閱讀推廣類」補助名單,AwardPublish.jsp?__viewstate=KSQNMhhcbO0olQXOoGDGH4yPXv7SrPIRyNlV7l0rHpSxVtWuyGKjeUwfVEptyrGBLgdL2bN3txI=,文化部-人文及出版司
2021/12/28,110年國立臺灣工藝研究發展中心「推展工藝文化與工藝傳承計畫」補助案獲補助名單及審查委員名單,AwardPublish.jsp?__viewstate=KSQNMhhcbO1wFizIWpX53NShNGd0u0ve8Juq+AZBErmxVtWuyGKjeUwfVEptyrGBLgdL2bN3txI=,國立臺灣工藝研究發展中心
2021/12/28,111年第1期「文化部推廣文學閱讀及人文活動補助作業—人文思想類」補助名單,AwardPublish.jsp?__viewstate=KSQNMhhcbO0olQXOoGDGH+l1h3tcPevyUMBObvquLy2xVtWuyGKjeUwfVEptyrGBLgdL2bN3txI=,文化部-人文及出版司
2021/12/28,110年國立臺灣工藝研究發展中心「推展工藝文化與工藝傳承計畫」補助案獲補助名單及審查委員名單,AwardPublish.jsp?__viewstate=KSQNMhhcbO1wFizIWpX53NShNGd0u0ve3btcjCX4x9+xVtWuyGKjeUwfVEptyrGBLgdL2bN3txI=,國立臺灣工藝研究發展中心
2021/12/28,109年度國產電影片國內行銷補助「第一類行銷策略規劃」補助案獲核定「第二類行銷宣傳活動」補助名單,AwardPublish.jsp?__viewstate=KSQNMhhcbO25zC57gavCisHrwmL1k+H4U4gEFNUeFMixVtWuyGKjeUwfVEptyrGBLgdL2bN3txI=,文化部影視及流行音樂產業局-電影產業組
2021/12/27,110年第3次「文化部辦理發展國際數位傳播補助作業要點」獲補助名單,AwardPublish.jsp?__viewstate=KSQNMhhcbO19FjDLNoarwyezudVfsW0EmdNC0Pv85r6xVtWuyGKjeUwfVEptyrGBLgdL2bN3txI=,文化部-影視及流行音樂發展司
2021/12/27,(110年)文化部促進民間提供適當空間供文化創意事業使用補助_補助名單,AwardPublish.jsp?__viewstate=KSQNMhhcbO1obLzSLfq6HNShNGd0u0vern/dtTH8m/ixVtWuyGKjeUwfVEptyrGBLgdL2bN3txI=,文化部-文創發展司
2021/12/24,(110年)「國產電影片應用數位視覺特效製作獎助案」獲獎補助名單,AwardPublish.jsp?__viewstate=KSQNMhhcbO2vsUeZbEOV5ZKkkT4uPCgW3btcjCX4x9+xVtWuyGKjeUwfVEptyrGBLgdL2bN3txI=,文化部影視及流行音樂產業局-電影產業組
2021/12/22,(111年)文化部原住民村落文化發展計畫補助作業要點—核定補助名單,AwardPublish.jsp?__viewstate=KSQNMhhcbO1oBJaM3x2LqAolNcxdfnEY8Juq+AZBErmxVtWuyGKjeUwfVEptyrGBLgdL2bN3txI=,文化部-文化資源司
2021/12/21,(111年)文化部「青年村落文化行動計畫獎勵作業要點」獲獎名單,AwardPublish.jsp?__viewstate=KSQNMhhcbO1oBJaM3x2LqE8Ewjx6k0+zeleDisGKEM+xVtWuyGKjeUwfVEptyrGBLgdL2bN3txI=,文化部-文化資源司
2021/12/17,110年臺灣藝術研究補助名單,AwardPublish.jsp?__viewstate=KSQNMhhcbO0Y1aiAIFN3gXb1LZ+pkyoMUMBObvquLy2xVtWuyGKjeUwfVEptyrGBLgdL2bN3txI=,文化部-藝術發展司
2021/12/17,111年「選送文化相關人才出國駐村交流計畫」視覺藝術類暨策展類-美國紐約ISCP駐村藝術家結果公告,AwardPublish.jsp?__viewstate=KSQNMhhcbO18xpIzJL6GC8qHa1cTArrgyNlV7l0rHpSxVtWuyGKjeUwfVEptyrGBLgdL2bN3txI=,文化部-藝術發展司
2021/12/17,111年選送文化相關人才出國駐村交流計畫視覺藝術類暨策展類-日本滋賀縣陶藝之森結果公告,AwardPublish.jsp?__viewstate=KSQNMhhcbO18xpIzJL6GC8qHa1cTArrgiWi8pTbkCD2xVtWuyGKjeUwfVEptyrGBLgdL2bN3txI=,文化部-藝術發展司
2021/12/17,111年「選送文化相關人才出國駐村交流計畫」視覺藝術類暨策展類-第1階段候選駐村藝術家名單公告,AwardPublish.jsp?__viewstate=KSQNMhhcbO18xpIzJL6GC8qHa1cTArrgmdNC0Pv85r6xVtWuyGKjeUwfVEptyrGBLgdL2bN3txI=,文化部-藝術發展司
2021/12/16,110年度資深演藝人員參與演出電視節目補助案獲補助名單,AwardPublish.jsp?__viewstate=KSQNMhhcbO3Jmn763pTErJaxjpWDNhxtyNlV7l0rHpSxVtWuyGKjeUwfVEptyrGBLgdL2bN3txI=,文化部影視及流行音樂產業局-廣播電視產業組
2021/12/15,工藝影片製作計劃-擁抱,AwardPublish.jsp?__viewstate=KSQNMhhcbO1wFizIWpX53LlvDPYLxSPU3btcjCX4x9+xVtWuyGKjeUwfVEptyrGBLgdL2bN3txI=,國立臺灣工藝研究發展中心
2021/12/13,111年第一期「視覺藝術產業辦理或參加國際藝術展會」補助名單	,AwardPublish.jsp?__viewstate=KSQNMhhcbO0olQXOoGDGH7lvDPYLxSPUUMBObvquLy2xVtWuyGKjeUwfVEptyrGBLgdL2bN3txI=,文化部-藝術發展司
2021/12/10,文化部111年「選送文化相關人才出國駐村交流計畫」 文學類第一階段審查結果公告,AwardPublish.jsp?__viewstate=KSQNMhhcbO18xpIzJL6GC7lvDPYLxSPUrn/dtTH8m/ixVtWuyGKjeUwfVEptyrGBLgdL2bN3txI=,文化部-人文及出版司
2021/12/10,文化部111年「選送文化相關人才出國駐村交流計畫」 漫畫類第一階段候選名單公告,AwardPublish.jsp?__viewstate=KSQNMhhcbO18xpIzJL6GC7lvDPYLxSPU8Juq+AZBErmxVtWuyGKjeUwfVEptyrGBLgdL2bN3txI=,文化部-人文及出版司
2021/12/01,110年度新媒體跨平臺創意影音節目製作補助案第二梯次獲補助名單,AwardPublish.jsp?__viewstate=KSQNMhhcbO0c7gocXrwjqihMW4alQCTXLlbxRcODRT6xVtWuyGKjeUwfVEptyrGBLgdL2bN3txI=,文化部影視及流行音樂產業局-廣播電視產業組
2021/11/30,文化部社造多元協力跨域共創補助計畫核定補助名單,AwardPublish.jsp?__viewstate=KSQNMhhcbO0Y1aiAIFN3gR17MTxv8EPpU4gEFNUeFMixVtWuyGKjeUwfVEptyrGBLgdL2bN3txI=,文化部-文化資源司
2021/11/30,110年度「補助入圍(選)或獲國內外重要影展獎項電影片之影視事業及導演製作下一部電影片」獲補助金電影片核定函名單,AwardPublish.jsp?__viewstate=KSQNMhhcbO1rGVoYU1zsLpOrBkPxYQxV3btcjCX4x9+xVtWuyGKjeUwfVEptyrGBLgdL2bN3txI=,文化部影視及流行音樂產業局-電影產業組
2021/11/29,110年度電視節目製作補助案第二梯次獲補助名單,AwardPublish.jsp?__viewstate=KSQNMhhcbO0c7gocXrwjqlyE98VkN9doUMBObvquLy2xVtWuyGKjeUwfVEptyrGBLgdL2bN3txI=,文化部影視及流行音樂產業局-廣播電視產業組
2021/11/26,文化部博物館事業推展補助作業要點111年度獲補助名單,AwardPublish.jsp?__viewstate=KSQNMhhcbO1AYk0noR965CAtpHttQ9Ax8Juq+AZBErmxVtWuyGKjeUwfVEptyrGBLgdL2bN3txI=,文化部-文化資源司
2021/11/25,文化部推動博物館及藝術5G科技跨域應用計畫補助要點（藝術類）110-111年獲補助名單,AwardPublish.jsp?__viewstate=KSQNMhhcbO1oBJaM3x2LqOzMeiMM+3OuLlbxRcODRT6xVtWuyGKjeUwfVEptyrGBLgdL2bN3txI=,文化部-藝術發展司
2021/11/25,文化部「110年文化藝術政策博碩士論文」獎勵名單,AwardPublish.jsp?__viewstate=KSQNMhhcbO0sw/gq7BByCuzMeiMM+3OuyNlV7l0rHpSxVtWuyGKjeUwfVEptyrGBLgdL2bN3txI=,文化部-綜合規劃司
2021/11/25,110年度電影短片輔導金獲補助名單,AwardPublish.jsp?__viewstate=KSQNMhhcbO2vsUeZbEOV5U4jiZe3qMfumdNC0Pv85r6xVtWuyGKjeUwfVEptyrGBLgdL2bN3txI=,文化部影視及流行音樂產業局-電影產業組
2021/11/24,2021臺灣工藝競賽得獎名單及評審名單,AwardPublish.jsp?__viewstate=KSQNMhhcbO1wFizIWpX53BEsBLSyuGeVeleDisGKEM+xVtWuyGKjeUwfVEptyrGBLgdL2bN3txI=,國立臺灣工藝研究發展中心
2021/11/23,110年第1次「文化部辦理發展國際數位傳播補助作業要點」電視節目播送英語字幕獲補助名單,AwardPublish.jsp?__viewstate=KSQNMhhcbO19FjDLNoarwyezudVfsW0EyNlV7l0rHpSxVtWuyGKjeUwfVEptyrGBLgdL2bN3txI=,文化部-影視及流行音樂發展司
2021/11/22,110年度「國家鐵道博物館籌備處博碩士論文研究獎助」得獎者,AwardPublish.jsp?__viewstate=KSQNMhhcbO0Y1aiAIFN3gedyYfYAmuIWUMBObvquLy2xVtWuyGKjeUwfVEptyrGBLgdL2bN3txI=,國家鐵道博物館籌備處
2021/11/18,110年度第2梯次國產電影片國內行銷補助案獲補助名單,AwardPublish.jsp?__viewstate=KSQNMhhcbO25zC57gavCipOrBkPxYQxVyNlV7l0rHpSxVtWuyGKjeUwfVEptyrGBLgdL2bN3txI=,文化部影視及流行音樂產業局-電影產業組
2021/11/18,文化部推動博物館及藝術5G科技跨域應用計畫補助要點（博物館類）110-111年獲補助名單,AwardPublish.jsp?__viewstate=KSQNMhhcbO1oBJaM3x2LqEzts9MEIEVkiWi8pTbkCD2xVtWuyGKjeUwfVEptyrGBLgdL2bN3txI=,文化部-文化資源司
2021/11/12,110年度電視節目劇本創作獎得獎名單,AwardPublish.jsp?__viewstate=KSQNMhhcbO0c7gocXrwjqsS+b3oRvNZlU4gEFNUeFMixVtWuyGKjeUwfVEptyrGBLgdL2bN3txI=,文化部影視及流行音樂產業局-廣播電視產業組
2021/11/12,國立傳統藝術中心「110年獎助博碩士論文」獎助名單,AwardPublish.jsp?__viewstate=KSQNMhhcbO25zC57gavCiopLCy0/1hjjeleDisGKEM+xVtWuyGKjeUwfVEptyrGBLgdL2bN3txI=,國立傳統藝術中心
2021/11/09,時尚/金工跨域共研計畫講座活動計畫,AwardPublish.jsp?__viewstate=KSQNMhhcbO1wFizIWpX53AmwGubqBzNoLlbxRcODRT6xVtWuyGKjeUwfVEptyrGBLgdL2bN3txI=,國立臺灣工藝研究發展中心
2021/11/04,110年度國產電影片企劃及劇本開發獲補助名單,AwardPublish.jsp?__viewstate=KSQNMhhcbO2vsUeZbEOV5bmFZk/mNl6a3btcjCX4x9+xVtWuyGKjeUwfVEptyrGBLgdL2bN3txI=,文化部影視及流行音樂產業局-電影產業組
2021/10/21,110年「文化部選送文化相關人才出國駐村交流 計畫」影視及流行音樂類複決審名單,AwardPublish.jsp?__viewstate=KSQNMhhcbO1yJyDxxmxR89yKDmE+EPCNmdNC0Pv85r6xVtWuyGKjeUwfVEptyrGBLgdL2bN3txI=,文化部-影視及流行音樂發展司
2021/10/20,110年第2次「文化部辦理發展國際數位傳播補助作業要點」獲補助名單,AwardPublish.jsp?__viewstate=KSQNMhhcbO19FjDLNoarwyezudVfsW0ELlbxRcODRT6xVtWuyGKjeUwfVEptyrGBLgdL2bN3txI=,文化部-影視及流行音樂發展司
2021/10/15,110年第1次文化部補助辦理蒙藏學術文化及人道援助活動申請案件審查結果,AwardPublish.jsp?__viewstate=KSQNMhhcbO0LNp6OTlbJYNP7dFeccLWHmdNC0Pv85r6xVtWuyGKjeUwfVEptyrGBLgdL2bN3txI=,文化部-蒙藏文化中心
2021/10/09,「2021笨港五湖四海宴─台灣頂尖傳統工藝聯展」推廣計畫,AwardPublish.jsp?__viewstate=KSQNMhhcbO1wFizIWpX53BU6LDIXiaqgyNlV7l0rHpSxVtWuyGKjeUwfVEptyrGBLgdL2bN3txI=,國立臺灣工藝研究發展中心
2021/10/02,110年度電視金鐘獎得獎名單及評審委員名單,AwardPublish.jsp?__viewstate=KSQNMhhcbO3Jmn763pTErOStFBi6ue2aeleDisGKEM+xVtWuyGKjeUwfVEptyrGBLgdL2bN3txI=,文化部影視及流行音樂產業局-廣播電視產業組
2021/09/30,110年度「文化部補助文化團體及個人從事文化交流活動處理要點」專案補助( 青年園丁第二次徵件)審查結果,AwardPublish.jsp?__viewstate=KSQNMhhcbO2cbLWp4Ih9W+M3RyrI1IusmdNC0Pv85r6xVtWuyGKjeUwfVEptyrGBLgdL2bN3txI=,文化部-文化交流司
2021/09/29,110年度國產電影片國內映演獎勵名單,AwardPublish.jsp?__viewstate=KSQNMhhcbO1rGVoYU1zsLnx74pGn1aGIrn/dtTH8m/ixVtWuyGKjeUwfVEptyrGBLgdL2bN3txI=,文化部影視及流行音樂產業局-電影產業組
2021/09/28,探勘新興科技於工藝新用補助計畫,AwardPublish.jsp?__viewstate=KSQNMhhcbO1wFizIWpX53JHDiQk8Uck8yNlV7l0rHpSxVtWuyGKjeUwfVEptyrGBLgdL2bN3txI=,國立臺灣工藝研究發展中心
2021/09/25,110年度廣播金鐘獎得獎名單及評審委員名單,AwardPublish.jsp?__viewstate=KSQNMhhcbO0c7gocXrwjql38J5/v6NNhmdNC0Pv85r6xVtWuyGKjeUwfVEptyrGBLgdL2bN3txI=,文化部影視及流行音樂產業局-廣播電視產業組
2021/09/16,110年「文化部推動地方影視音發展計畫」獲補助名單,AwardPublish.jsp?__viewstate=KSQNMhhcbO1AYk0noR965NY816vU6bwJLlbxRcODRT6xVtWuyGKjeUwfVEptyrGBLgdL2bN3txI=,文化部-影視及流行音樂發展司
2021/09/06,110年第5次「文化部補助文化團體及個人從事文化交流活動」補助名單,AwardPublish.jsp?__viewstate=KSQNMhhcbO2cbLWp4Ih9W+M3RyrI1IusLlbxRcODRT6xVtWuyGKjeUwfVEptyrGBLgdL2bN3txI=,文化部-文化交流司
2021/09/03,110年「5G科技影音展演創新應用補助」獲補助名單,AwardPublish.jsp?__viewstate=KSQNMhhcbO3pg18ZSewsbqdFBRIn8tcW3btcjCX4x9+xVtWuyGKjeUwfVEptyrGBLgdL2bN3txI=,文化部-影視及流行音樂發展司
2021/09/03,110年度「補助入圍(選)或獲國內外重要影展獎項電影片之影視事業及導演製作下一部電影片(紀錄片)」紀錄片獲補助名單,AwardPublish.jsp?__viewstate=KSQNMhhcbO0c7gocXrwjqsBQ074KPAaMU4gEFNUeFMixVtWuyGKjeUwfVEptyrGBLgdL2bN3txI=,文化部影視及流行音樂產業局-廣播電視產業組
2021/09/02,110年度電視金鐘獎入圍名單,AwardPublish.jsp?__viewstate=KSQNMhhcbO3Jmn763pTErDUDBpBeq2vNUMBObvquLy2xVtWuyGKjeUwfVEptyrGBLgdL2bN3txI=,文化部影視及流行音樂產業局-廣播電視產業組
2021/08/27,110年流行音樂跨界內容合製補助案獲補助名單,AwardPublish.jsp?__viewstate=KSQNMhhcbO1isrcKcaVAhDEXU5TZeuIGeleDisGKEM+xVtWuyGKjeUwfVEptyrGBLgdL2bN3txI=,文化部影視及流行音樂產業局-流行音樂產業組
2021/08/25,110年第4次「文化部補助文化團體及個人從事文化交流活動」補助名單,AwardPublish.jsp?__viewstate=KSQNMhhcbO2cbLWp4Ih9W+bcZl/ZI9jL3btcjCX4x9+xVtWuyGKjeUwfVEptyrGBLgdL2bN3txI=,文化部-文化交流司
2021/08/25,110年度廣播金鐘獎入圍名單,AwardPublish.jsp?__viewstate=KSQNMhhcbO0c7gocXrwjqpHDiQk8Uck83btcjCX4x9+xVtWuyGKjeUwfVEptyrGBLgdL2bN3txI=,文化部影視及流行音樂產業局-廣播電視產業組
2021/08/20,110年第1次「文化部辦理發展國際數位傳播補助作業要點」獲補助名單,AwardPublish.jsp?__viewstate=KSQNMhhcbO19FjDLNoarw9yKDmE+EPCNLlbxRcODRT6xVtWuyGKjeUwfVEptyrGBLgdL2bN3txI=,文化部-影視及流行音樂發展司
2021/08/16,110年度第1梯次國產電影長片輔導金獲選名單,AwardPublish.jsp?__viewstate=KSQNMhhcbO2vsUeZbEOV5VNiZv9eo6WHiWi8pTbkCD2xVtWuyGKjeUwfVEptyrGBLgdL2bN3txI=,文化部影視及流行音樂產業局-電影產業組
2021/08/13,110年「新南向海外交流專題計畫」補助名單,AwardPublish.jsp?__viewstate=KSQNMhhcbO2cbLWp4Ih9W6Q53qtVdZD1LlbxRcODRT6xVtWuyGKjeUwfVEptyrGBLgdL2bN3txI=,文化部-文化交流司
2021/08/06,110年度金視獎得獎名單,AwardPublish.jsp?__viewstate=KSQNMhhcbO3Jmn763pTErP1BVffbrPTZ3btcjCX4x9+xVtWuyGKjeUwfVEptyrGBLgdL2bN3txI=,文化部影視及流行音樂產業局-廣播電視產業組
2021/08/06,110年走讀臺灣主題路徑建置計畫獲獎勵名單,AwardPublish.jsp?__viewstate=KSQNMhhcbO1fOVo/o0VNcbjF4D8S0FBOU4gEFNUeFMixVtWuyGKjeUwfVEptyrGBLgdL2bN3txI=,文化部-人文及出版司
2021/07/29,110年設計驅動跨域整合創新計畫獲補助名單,AwardPublish.jsp?__viewstate=KSQNMhhcbO19FjDLNoarw8lnPiS9Wqt/rn/dtTH8m/ixVtWuyGKjeUwfVEptyrGBLgdL2bN3txI=,文化部-文創發展司
2021/07/27,110年流行音樂產業行銷推廣補助案 第二類獲補助名單,AwardPublish.jsp?__viewstate=KSQNMhhcbO13lSOO/9FM2aSajgEbac3TiWi8pTbkCD2xVtWuyGKjeUwfVEptyrGBLgdL2bN3txI=,文化部影視及流行音樂產業局-流行音樂產業組
2021/07/27,110年流行音樂產業行銷推廣補助案 第一類獲補助名單,AwardPublish.jsp?__viewstate=KSQNMhhcbO13lSOO/9FM2ZYipU1NjdncLlbxRcODRT6xVtWuyGKjeUwfVEptyrGBLgdL2bN3txI=,文化部影視及流行音樂產業局-流行音樂產業組
2021/07/23,文化部110年度時尚跨界活動補助案第二梯次審查結果公告,AwardPublish.jsp?__viewstate=KSQNMhhcbO25zC57gavCiqSajgEbac3TeleDisGKEM+xVtWuyGKjeUwfVEptyrGBLgdL2bN3txI=,文化部-文創發展司
2021/07/20,（竹美館）110年「文化部推動社區營造及村落文化補助作業」第二次審查會議（第2期自主參與類審查）獲補助名單及審查委員名單,AwardPublish.jsp?__viewstate=KSQNMhhcbO1jyb6zHQzaWBH3l3rZXuEWU4gEFNUeFMixVtWuyGKjeUwfVEptyrGBLgdL2bN3txI=,國立新竹生活美學館
2021/07/19,110年文化部推動社區營造及村落文化補助作業-自主參與類獲補助名單公告,AwardPublish.jsp?__viewstate=KSQNMhhcbO3vmAc1XokWyxMuKMtuAcXV3btcjCX4x9+xVtWuyGKjeUwfVEptyrGBLgdL2bN3txI=,國立臺東生活美學館
2021/07/19,110年第2期國家人權博物館人權教育推廣活動補助計畫審查結果,AwardPublish.jsp?__viewstate=KSQNMhhcbO1yJyDxxmxR8y3++ohL//rKLlbxRcODRT6xVtWuyGKjeUwfVEptyrGBLgdL2bN3txI=,國家人權博物館
2021/07/16,110年第3次「文化部補助文化團體及個人從事文化交流活動」補助名單,AwardPublish.jsp?__viewstate=KSQNMhhcbO2cbLWp4Ih9W+bcZl/ZI9jLUMBObvquLy2xVtWuyGKjeUwfVEptyrGBLgdL2bN3txI=,文化部-文化交流司
2021/07/15,110年度綜藝節目製作補助案獲補助名單,AwardPublish.jsp?__viewstate=KSQNMhhcbO0c7gocXrwjqmBOXWaLSa53rn/dtTH8m/ixVtWuyGKjeUwfVEptyrGBLgdL2bN3txI=,文化部影視及流行音樂產業局-廣播電視產業組
2021/07/15,110年度「電影人才培訓輔導要點」第2梯次補助名單,AwardPublish.jsp?__viewstate=KSQNMhhcbO1rGVoYU1zsLmBOXWaLSa53UMBObvquLy2xVtWuyGKjeUwfVEptyrGBLgdL2bN3txI=,文化部影視及流行音樂產業局-電影產業組
2021/07/14,文化部110年第一期翻譯出版獎勵(GPT 2021),AwardPublish.jsp?__viewstate=KSQNMhhcbO1yJyDxxmxR8xMuKMtuAcXViWi8pTbkCD2xVtWuyGKjeUwfVEptyrGBLgdL2bN3txI=,文化部-人文及出版司
2021/07/13,110年「文化部推動社區營造及村落文化補助計畫」自主參與類第二期獲補助名單及審查委員名單,AwardPublish.jsp?__viewstate=KSQNMhhcbO25zC57gavCii3e2ckAvYQC3btcjCX4x9+xVtWuyGKjeUwfVEptyrGBLgdL2bN3txI=,國立彰化生活美學館
2021/07/09,110年度「文化部補助文化團體及個人從事文化交流 活動處理要點」專案補助(東南亞、西亞及南亞、青年園丁)審查結果,AwardPublish.jsp?__viewstate=KSQNMhhcbO2cbLWp4Ih9W2LqPn3MOnr3UMBObvquLy2xVtWuyGKjeUwfVEptyrGBLgdL2bN3txI=,文化部-文化交流司
2021/07/09,110年「文化部推動社區營造及村落文化補助計畫」自主參與類第二期獲補助名單及審查委員名單,AwardPublish.jsp?__viewstate=KSQNMhhcbO1A0v7/XF+ZeN3b7pgCbupTeleDisGKEM+xVtWuyGKjeUwfVEptyrGBLgdL2bN3txI=,國立臺南生活美學館
2021/07/08,110年度電視節目製作補助案獲補助名單,AwardPublish.jsp?__viewstate=KSQNMhhcbO0c7gocXrwjqnLYAU+y4CvxU4gEFNUeFMixVtWuyGKjeUwfVEptyrGBLgdL2bN3txI=,文化部影視及流行音樂產業局-廣播電視產業組
2021/07/06,110年度金視獎入圍名單,AwardPublish.jsp?__viewstate=KSQNMhhcbO3Jmn763pTErLMerULPnC7Irn/dtTH8m/ixVtWuyGKjeUwfVEptyrGBLgdL2bN3txI=,文化部影視及流行音樂產業局-廣播電視產業組
2021/07/01,110年度「輔導電影產業數位升級」獲選名單,AwardPublish.jsp?__viewstate=KSQNMhhcbO1rGVoYU1zsLrMerULPnC7IyNlV7l0rHpSxVtWuyGKjeUwfVEptyrGBLgdL2bN3txI=,文化部影視及流行音樂產業局-電影產業組
2021/07/01,110年度新媒體跨平臺創意影音節目製作補助案獲補助名單,AwardPublish.jsp?__viewstate=KSQNMhhcbO0c7gocXrwjqrX8jMYJbO6lmdNC0Pv85r6xVtWuyGKjeUwfVEptyrGBLgdL2bN3txI=,文化部影視及流行音樂產業局-廣播電視產業組
2021/06/30,110年「流行音樂製作發行補助案-錄製升級類」獲補助名單,AwardPublish.jsp?__viewstate=KSQNMhhcbO1isrcKcaVAhH7xchISdEKF3btcjCX4x9+xVtWuyGKjeUwfVEptyrGBLgdL2bN3txI=,文化部影視及流行音樂產業局-流行音樂產業組
2021/06/30,110年本土語言流行音樂專輯製作發行補助案獲補助名單,AwardPublish.jsp?__viewstate=KSQNMhhcbO13lSOO/9FM2QC4wNPObmXDU4gEFNUeFMixVtWuyGKjeUwfVEptyrGBLgdL2bN3txI=,文化部影視及流行音樂產業局-流行音樂產業組
2021/06/29,110年「流行音樂製作發行補助案-創作樂團類」獲補助名單,AwardPublish.jsp?__viewstate=KSQNMhhcbO1isrcKcaVAhH7xchISdEKFmdNC0Pv85r6xVtWuyGKjeUwfVEptyrGBLgdL2bN3txI=,文化部影視及流行音樂產業局-流行音樂產業組
2021/06/29,110年「流行音樂新媒體應用節目製播計畫補助案」獲補助名單,AwardPublish.jsp?__viewstate=KSQNMhhcbO13lSOO/9FM2Tvx6xmM940QUMBObvquLy2xVtWuyGKjeUwfVEptyrGBLgdL2bN3txI=,文化部影視及流行音樂產業局-流行音樂產業組
2021/06/25,110年第2期「文化部推廣文學閱讀及人文活動補助作業—文學推廣類」補助名單,AwardPublish.jsp?__viewstate=KSQNMhhcbO1yJyDxxmxR84QVQ79d27Horn/dtTH8m/ixVtWuyGKjeUwfVEptyrGBLgdL2bN3txI=,文化部-人文及出版司
2021/06/25,110年第2期「文化部推廣文學閱讀及人文活動補助作業—人文思想類」補助名單,AwardPublish.jsp?__viewstate=KSQNMhhcbO1yJyDxxmxR84QVQ79d27HoyNlV7l0rHpSxVtWuyGKjeUwfVEptyrGBLgdL2bN3txI=,文化部-人文及出版司
2021/06/25,110年第2期「文化部推廣文學閱讀及人文活動補助作業—閱讀推廣類」補助名單,AwardPublish.jsp?__viewstate=KSQNMhhcbO1yJyDxxmxR84QVQ79d27HoiWi8pTbkCD2xVtWuyGKjeUwfVEptyrGBLgdL2bN3txI=,文化部-人文及出版司
2021/06/21,110年第2次「文化部補助文化團體及個人從事文化交流活動」補助名單,AwardPublish.jsp?__viewstate=KSQNMhhcbO2cbLWp4Ih9W+bcZl/ZI9jL8Juq+AZBErmxVtWuyGKjeUwfVEptyrGBLgdL2bN3txI=,文化部-文化交流司
2021/06/18,110年度電視劇本開發補助獲補助名單,AwardPublish.jsp?__viewstate=KSQNMhhcbO0c7gocXrwjqtWRLHLnmanG3btcjCX4x9+xVtWuyGKjeUwfVEptyrGBLgdL2bN3txI=,文化部影視及流行音樂產業局-廣播電視產業組
2021/06/18,110年度影視人才培訓補助案獲補助名單,AwardPublish.jsp?__viewstate=KSQNMhhcbO3Jmn763pTErNWRLHLnmanGU4gEFNUeFMixVtWuyGKjeUwfVEptyrGBLgdL2bN3txI=,文化部影視及流行音樂產業局-廣播電視產業組
2021/06/16,110年「流行音樂人才培訓補助案」第二類獲補助名單,AwardPublish.jsp?__viewstate=KSQNMhhcbO1isrcKcaVAhDj/6dEDD72omdNC0Pv85r6xVtWuyGKjeUwfVEptyrGBLgdL2bN3txI=,文化部影視及流行音樂產業局-流行音樂產業組
2021/06/16,110年「流行音樂人才培訓補助案」第一類獲補助名單,AwardPublish.jsp?__viewstate=KSQNMhhcbO1isrcKcaVAhGgbjEc6tlEZrn/dtTH8m/ixVtWuyGKjeUwfVEptyrGBLgdL2bN3txI=,文化部影視及流行音樂產業局-流行音樂產業組
2021/06/15,110年度電視節目劇本創作獎入圍名單,AwardPublish.jsp?__viewstate=KSQNMhhcbO0c7gocXrwjqtTIuBZXy1BKUMBObvquLy2xVtWuyGKjeUwfVEptyrGBLgdL2bN3txI=,文化部影視及流行音樂產業局-廣播電視產業組
2021/06/14,110年第22屆文化部選送文化相關人才出國駐村交流計畫-西班牙昂格藝術村獲選名單,AwardPublish.jsp?__viewstate=KSQNMhhcbO1KEjxvsTMdKM840qZ3a3IMeleDisGKEM+xVtWuyGKjeUwfVEptyrGBLgdL2bN3txI=,文化部-藝術發展司
2021/06/10,110年度第1梯次國產電影片國內行銷補助案獲補助名單,AwardPublish.jsp?__viewstate=KSQNMhhcbO25zC57gavCir6bkIRXo/xNrn/dtTH8m/ixVtWuyGKjeUwfVEptyrGBLgdL2bN3txI=,文化部影視及流行音樂產業局-電影產業組
2021/06/02,110年「流行音樂製作發行補助案-影視原創音樂歌曲類」獲補助名單,AwardPublish.jsp?__viewstate=KSQNMhhcbO1isrcKcaVAhHQwh/v/GQJniWi8pTbkCD2xVtWuyGKjeUwfVEptyrGBLgdL2bN3txI=,文化部影視及流行音樂產業局-流行音樂產業組
2021/06/01,110年第二期「視覺藝術產業辦理或參加國際藝術展會」補助名單,AwardPublish.jsp?__viewstate=KSQNMhhcbO1yJyDxxmxR89TIuBZXy1BKLlbxRcODRT6xVtWuyGKjeUwfVEptyrGBLgdL2bN3txI=,文化部-藝術發展司
2021/05/26,「110年度廣播節目製播補助案」獲補助名單,AwardPublish.jsp?__viewstate=KSQNMhhcbO0c7gocXrwjqhtwu6eSr+h4eleDisGKEM+xVtWuyGKjeUwfVEptyrGBLgdL2bN3txI=,文化部影視及流行音樂產業局-廣播電視產業組
2021/05/20,110年「流行音樂星品牌經紀國際發展計畫補助案」獲補助名單,AwardPublish.jsp?__viewstate=KSQNMhhcbO1isrcKcaVAhAPpOULlrr+T3btcjCX4x9+xVtWuyGKjeUwfVEptyrGBLgdL2bN3txI=,文化部影視及流行音樂產業局-流行音樂產業組
2021/05/20,110年度兒童電視節目製作補助案獲補助名單,AwardPublish.jsp?__viewstate=KSQNMhhcbO1isrcKcaVAhDJc5EJAgskmU4gEFNUeFMixVtWuyGKjeUwfVEptyrGBLgdL2bN3txI=,文化部影視及流行音樂產業局-廣播電視產業組
2021/05/18,110年度紀錄片製作補助案獲補助名單,AwardPublish.jsp?__viewstate=KSQNMhhcbO3Jmn763pTErGgbjEc6tlEZUMBObvquLy2xVtWuyGKjeUwfVEptyrGBLgdL2bN3txI=,文化部影視及流行音樂產業局-廣播電視產業組
2021/05/14,110年「社區融藝、跨界共融」補助計畫實施要點補助名單,AwardPublish.jsp?__viewstate=KSQNMhhcbO3Jmn763pTErCch+TVRye5bmdNC0Pv85r6xVtWuyGKjeUwfVEptyrGBLgdL2bN3txI=,國立彰化生活美學館
2021/05/07,部落林產工藝產業發展計畫,AwardPublish.jsp?__viewstate=KSQNMhhcbO1wFizIWpX53Dl5JwGEinc68Juq+AZBErmxVtWuyGKjeUwfVEptyrGBLgdL2bN3txI=,國立臺灣工藝研究發展中心
2021/05/07,110年度電視節目翻譯字幕費及配音費補助案第1次評選會議獲補助名單,AwardPublish.jsp?__viewstate=KSQNMhhcbO0c7gocXrwjqn2KCDrpus2lLlbxRcODRT6xVtWuyGKjeUwfVEptyrGBLgdL2bN3txI=,文化部影視及流行音樂產業局-廣播電視產業組
2021/05/03,109年度「補助入圍(選)或獲國內外重要影展獎項電影片之影視事業及導演製作下一部電影片」獲補助金電影片核定函名單,AwardPublish.jsp?__viewstate=KSQNMhhcbO2TBe9cWRjb4NJSDP1d+1gAiWi8pTbkCD2xVtWuyGKjeUwfVEptyrGBLgdL2bN3txI=,文化部影視及流行音樂產業局-電影產業組
2021/04/30,110年度文化部輔導核心創作及獨立工作者進駐文化創意聚落計畫補助名單,AwardPublish.jsp?__viewstate=KSQNMhhcbO1obLzSLfq6HNJSDP1d+1gAU4gEFNUeFMixVtWuyGKjeUwfVEptyrGBLgdL2bN3txI=,文化部-文創發展司
2021/04/29,110年「國家鐵道博物館籌備處推展鐵道學術暨文化活動補助計畫」補助名單,AwardPublish.jsp?__viewstate=KSQNMhhcbO1obLzSLfq6HP8Zb8dxH2xGUMBObvquLy2xVtWuyGKjeUwfVEptyrGBLgdL2bN3txI=,國家鐵道博物館籌備處
2021/04/28,110年國家人權博物館推動不義遺址保存維護與人權事務發展補助核定補助名單,AwardPublish.jsp?__viewstate=KSQNMhhcbO0LNp6OTlbJYNJSDP1d+1gA8Juq+AZBErmxVtWuyGKjeUwfVEptyrGBLgdL2bN3txI=,國家人權博物館
2021/04/28,110年第1次「文化部補助文化團體及個人從事文化交流活動」補助名單,AwardPublish.jsp?__viewstate=KSQNMhhcbO2cbLWp4Ih9W+bcZl/ZI9jLrn/dtTH8m/ixVtWuyGKjeUwfVEptyrGBLgdL2bN3txI=,文化部-文化交流司
2021/04/16,110年「輔導數位出版產業發展」補助名單及評審委員名單公告,AwardPublish.jsp?__viewstate=KSQNMhhcbO13lSOO/9FM2dJSDP1d+1gALlbxRcODRT6xVtWuyGKjeUwfVEptyrGBLgdL2bN3txI=,文化部-人文及出版司
2021/04/13,110年文化部補助辦理文化論壇作業要點補助名單（法人團體類）,AwardPublish.jsp?__viewstate=KSQNMhhcbO0sw/gq7BByCv8Zb8dxH2xGeleDisGKEM+xVtWuyGKjeUwfVEptyrGBLgdL2bN3txI=,文化部-綜合規劃司
2021/04/06,研發類-110年北區「文化部文化體驗內容徵選補助作業要點」獲補助名單暨委員名單,AwardPublish.jsp?__viewstate=KSQNMhhcbO1jyb6zHQzaWCOucMM7v8pfLlbxRcODRT6xVtWuyGKjeUwfVEptyrGBLgdL2bN3txI=,國立新竹生活美學館
2021/04/06,推廣類-110年北區「文化部文化體驗內容徵選補助作業要點」獲補助名單暨委員名單,AwardPublish.jsp?__viewstate=KSQNMhhcbO1jyb6zHQzaWCOucMM7v8pfyNlV7l0rHpSxVtWuyGKjeUwfVEptyrGBLgdL2bN3txI=,國立新竹生活美學館
2021/03/31,110年「文化部文化體驗內容徵選補助作業要點」申請案(中區)獲補助名單公告,AwardPublish.jsp?__viewstate=KSQNMhhcbO3Jmn763pTErNthnMHxgrxLLlbxRcODRT6xVtWuyGKjeUwfVEptyrGBLgdL2bN3txI=,國立彰化生活美學館
2021/03/30,110年文化部文化體驗內容徵選補助作業要點 (南區) 獲補助名單,AwardPublish.jsp?__viewstate=KSQNMhhcbO1A0v7/XF+ZeO+HpfJx7RNQmdNC0Pv85r6xVtWuyGKjeUwfVEptyrGBLgdL2bN3txI=,國立臺南生活美學館
2021/03/30,國立臺灣交響樂團國際音樂人才拔尖計畫接受獎補助名單公告,AwardPublish.jsp?__viewstate=KSQNMhhcbO32CMeuy7/XzaVkldJ5ACBreleDisGKEM+xVtWuyGKjeUwfVEptyrGBLgdL2bN3txI=,國立臺灣交響樂團
2021/03/29,110年第22屆文化部選送文化相關人才出國駐村交流計畫-法國西帖藝術村-視覺藝術(含策展)類獲選名單,AwardPublish.jsp?__viewstate=KSQNMhhcbO1KEjxvsTMdKLZ6gS2YZYBj3btcjCX4x9+xVtWuyGKjeUwfVEptyrGBLgdL2bN3txI=,文化部-藝術發展司
2021/03/29,110年第22屆文化部選送文化相關人才出國駐村交流計畫-法國西帖藝術村-表演藝術類獲選名單,AwardPublish.jsp?__viewstate=KSQNMhhcbO1KEjxvsTMdKLZ6gS2YZYBjU4gEFNUeFMixVtWuyGKjeUwfVEptyrGBLgdL2bN3txI=,文化部-藝術發展司
2021/03/29,110年第22屆文化部選送文化相關人才出國駐村交流計畫-荷蘭歐洲陶藝中心獲選名單,AwardPublish.jsp?__viewstate=KSQNMhhcbO1KEjxvsTMdKCBzxjmiV00feleDisGKEM+xVtWuyGKjeUwfVEptyrGBLgdL2bN3txI=,文化部-藝術發展司
2021/03/16,110年文化部推廣文化平權補助作業要點補助名單,AwardPublish.jsp?__viewstate=KSQNMhhcbO0sw/gq7BByCmADYQkwkMbfrn/dtTH8m/ixVtWuyGKjeUwfVEptyrGBLgdL2bN3txI=,文化部-綜合規劃司
2021/03/15,110年度文化部推動社區營造及村落文化補助計畫-互助共好類獲補助名單及評審委員名單,AwardPublish.jsp?__viewstate=KSQNMhhcbO1A0v7/XF+ZeNnkkRH9e1e5yNlV7l0rHpSxVtWuyGKjeUwfVEptyrGBLgdL2bN3txI=,國立臺南生活美學館
2021/03/15,110年度文化部推動社區營造及村落文化補助計畫-(第一梯次)自主參與類獲補助名單及評審委員名單,AwardPublish.jsp?__viewstate=KSQNMhhcbO1A0v7/XF+ZeNnkkRH9e1e5iWi8pTbkCD2xVtWuyGKjeUwfVEptyrGBLgdL2bN3txI=,國立臺南生活美學館
2021/03/12,110年度「電影人才培訓輔導要點」第1梯次補助名單,AwardPublish.jsp?__viewstate=KSQNMhhcbO1rGVoYU1zsLj6pSi/swmEDU4gEFNUeFMixVtWuyGKjeUwfVEptyrGBLgdL2bN3txI=,文化部影視及流行音樂產業局-電影產業組
2021/03/10,（竹美館）110年「文化部推動社區營造及村落文化補助計畫」互助共好類獲補助名單及審查委員名單,AwardPublish.jsp?__viewstate=KSQNMhhcbO1jyb6zHQzaWH75pjPywD1K8Juq+AZBErmxVtWuyGKjeUwfVEptyrGBLgdL2bN3txI=,國立新竹生活美學館
2021/03/10,（竹美館）110年「文化部推動社區營造及村落文化補助計畫」自主參與類第1次獲補助名單及審查委員名單,AwardPublish.jsp?__viewstate=KSQNMhhcbO1jyb6zHQzaWH75pjPywD1KUMBObvquLy2xVtWuyGKjeUwfVEptyrGBLgdL2bN3txI=,國立新竹生活美學館
2021/03/10,110年度文化部語言友善環境及創作應用補助名單,AwardPublish.jsp?__viewstate=KSQNMhhcbO1PiQvLk/qI+T6pSi/swmED3btcjCX4x9+xVtWuyGKjeUwfVEptyrGBLgdL2bN3txI=,文化部-人文及出版司
2021/03/07,110年文化部推動社區營造及村落文化補助作業─自主參與類補助名單公告,AwardPublish.jsp?__viewstate=KSQNMhhcbO3vmAc1XokWy4aMW07wd7AZiWi8pTbkCD2xVtWuyGKjeUwfVEptyrGBLgdL2bN3txI=,國立臺東生活美學館
2021/03/07,110年「文化部推動社區營造及村落文化補助作業」互助共好類補助名單公告,AwardPublish.jsp?__viewstate=KSQNMhhcbO3vmAc1XokWy4aMW07wd7AZmdNC0Pv85r6xVtWuyGKjeUwfVEptyrGBLgdL2bN3txI=,國立臺東生活美學館
2021/03/05,110年「文化部推動社區營造及村落文化補助計畫」互助共好類獲補助名單及審查委員名單,AwardPublish.jsp?__viewstate=KSQNMhhcbO25zC57gavCioaMW07wd7AZyNlV7l0rHpSxVtWuyGKjeUwfVEptyrGBLgdL2bN3txI=,國立彰化生活美學館
2021/03/04,110年「文化部推動社區營造及村落文化補助計畫」自主參與類第一期獲補助名單及審查委員名單,AwardPublish.jsp?__viewstate=KSQNMhhcbO25zC57gavCioaMW07wd7AZLlbxRcODRT6xVtWuyGKjeUwfVEptyrGBLgdL2bN3txI=,國立彰化生活美學館
2021/03/03,文化部博物館事業推展補助作業要點110年度獲補助名單,AwardPublish.jsp?__viewstate=KSQNMhhcbO19B66EU3HV7N/GtCp3BNHmeleDisGKEM+xVtWuyGKjeUwfVEptyrGBLgdL2bN3txI=,文化部-文化資源司
2021/03/02,「文化部辦理受嚴重特殊傳染性肺炎影響後藝文振興計畫補助」【流行音樂振興發展類】補助名單,AwardPublish.jsp?__viewstate=KSQNMhhcbO1obLzSLfq6HChldkiD3A8l3btcjCX4x9+xVtWuyGKjeUwfVEptyrGBLgdL2bN3txI=,文化部-影視及流行音樂發展司
2021/02/24,110-111年度博物館及地方文化館升級計畫獎補助名單,AwardPublish.jsp?__viewstate=KSQNMhhcbO19B66EU3HV7GOoqRZm1bzoU4gEFNUeFMixVtWuyGKjeUwfVEptyrGBLgdL2bN3txI=,文化部-文化資源司
2021/02/22,110年第22屆文化部選送文化相關人才出國駐村交流計畫-美國18街藝術中心獲選名單,AwardPublish.jsp?__viewstate=KSQNMhhcbO1KEjxvsTMdKL3p5XDIkBnciWi8pTbkCD2xVtWuyGKjeUwfVEptyrGBLgdL2bN3txI=,文化部-藝術發展司
2021/02/20,「110年選送文化相關人才出國駐村交流計畫－文學類－英國灣園(Cove Park)」第二階段公告,AwardPublish.jsp?__viewstate=KSQNMhhcbO1jyb6zHQzaWHFebLY4413JiWi8pTbkCD2xVtWuyGKjeUwfVEptyrGBLgdL2bN3txI=,文化部-人文及出版司
2021/02/09,"文化部110年選送文化相關人才出國駐村及交流計畫文學類甄選結果第二階段公告-美國聖塔菲藝術學院(Santa Fe Art Institute, SFAI)",AwardPublish.jsp?__viewstate=KSQNMhhcbO1jyb6zHQzaWAclBhgI5i2y3btcjCX4x9+xVtWuyGKjeUwfVEptyrGBLgdL2bN3txI=,文化部-人文及出版司
2021/02/05,文化部110年度「漫畫創作及出版行銷獎勵要點」獎勵名單,AwardPublish.jsp?__viewstate=KSQNMhhcbO04YpS8QkdZKuZB7ETorL0oyNlV7l0rHpSxVtWuyGKjeUwfVEptyrGBLgdL2bN3txI=,文化部-人文及出版司
2021/02/04,110年第1期國家人權博物館人權教育推廣活動補助計畫審查結果,AwardPublish.jsp?__viewstate=KSQNMhhcbO1yJyDxxmxR8/gqYw/mkHysLlbxRcODRT6xVtWuyGKjeUwfVEptyrGBLgdL2bN3txI=,國家人權博物館
2021/02/01,文化部辦理受嚴重特殊傳染性肺炎影響後藝文振興計畫補助作業須知【戲曲經典作品巡演】獲補助名單第一次公告,AwardPublish.jsp?__viewstate=KSQNMhhcbO1PiQvLk/qI+cs2fHqFWSG3LlbxRcODRT6xVtWuyGKjeUwfVEptyrGBLgdL2bN3txI=,國立傳統藝術中心
2021/02/01,文化部辦理受嚴重特殊傳染性肺炎影響後藝文振興計畫補助作業須知【戲曲復萌】獲補助名單第一次公告,AwardPublish.jsp?__viewstate=KSQNMhhcbO1PiQvLk/qI+ResIAHvnbHqUMBObvquLy2xVtWuyGKjeUwfVEptyrGBLgdL2bN3txI=,國立傳統藝術中心
2021/01/29,「文化部辦理受嚴重特殊傳染性肺炎影響後藝文振興計畫補助」【藝術振興發展類】補助名單,AwardPublish.jsp?__viewstate=KSQNMhhcbO1obLzSLfq6HI0FQ7AyoZu7mdNC0Pv85r6xVtWuyGKjeUwfVEptyrGBLgdL2bN3txI=,文化部-藝術發展司
2021/01/26,110年度「扶植青年藝術發展補助計畫」補助名單,AwardPublish.jsp?__viewstate=KSQNMhhcbO1KEjxvsTMdKJupDE1br4l13btcjCX4x9+xVtWuyGKjeUwfVEptyrGBLgdL2bN3txI=,文化部-藝術發展司
2021/01/22,[公告]文化部109年翻譯出版獎勵計畫獲獎名單/ Announcement of GPT 2020,AwardPublish.jsp?__viewstate=KSQNMhhcbO1yJyDxxmxR82/4PiJWqd988Juq+AZBErmxVtWuyGKjeUwfVEptyrGBLgdL2bN3txI=,文化部-人文及出版司
2021/01/22,110年度文化部青年創作獲獎勵名單,AwardPublish.jsp?__viewstate=KSQNMhhcbO1yJyDxxmxR87mSW7eV0CjCUMBObvquLy2xVtWuyGKjeUwfVEptyrGBLgdL2bN3txI=,文化部-人文及出版司
2021/01/22,文化部110年度「補助藝術村營運扶植計畫」補助名單,AwardPublish.jsp?__viewstate=KSQNMhhcbO1jyb6zHQzaWOzDfoFcrM7W3btcjCX4x9+xVtWuyGKjeUwfVEptyrGBLgdL2bN3txI=,文化部-藝術發展司
2021/01/20,110年度原住民村落文化發展計畫補助名單,AwardPublish.jsp?__viewstate=KSQNMhhcbO1KEjxvsTMdKDRbwsvpQS65rn/dtTH8m/ixVtWuyGKjeUwfVEptyrGBLgdL2bN3txI=,文化部-文化資源司
2021/01/20,110年第22屆文化部選送文化相關人才出國駐村交流計畫-德國貝塔藝術村獲選名單,AwardPublish.jsp?__viewstate=KSQNMhhcbO1KEjxvsTMdKOdW/yelyfMCU4gEFNUeFMixVtWuyGKjeUwfVEptyrGBLgdL2bN3txI=,文化部-藝術發展司
2021/01/19,文化部110年度時尚跨界活動補助案第一梯次審查結果公告,AwardPublish.jsp?__viewstate=KSQNMhhcbO25zC57gavCiv7866m/wJa8iWi8pTbkCD2xVtWuyGKjeUwfVEptyrGBLgdL2bN3txI=,文化部-文創發展司
2021/01/14,110年科技藝術創作發展補助名單,AwardPublish.jsp?__viewstate=KSQNMhhcbO1yJyDxxmxR85upDE1br4l1UMBObvquLy2xVtWuyGKjeUwfVEptyrGBLgdL2bN3txI=,文化部-藝術發展司
2021/01/13,110年臺灣漫畫研究計畫獲補助名單,AwardPublish.jsp?__viewstate=KSQNMhhcbO1fOVo/o0VNcTDGTry+AG9n8Juq+AZBErmxVtWuyGKjeUwfVEptyrGBLgdL2bN3txI=,文化部-人文及出版司
2021/01/11,110年「媒合演藝團隊進駐演藝場所合作計畫」補助名單,AwardPublish.jsp?__viewstate=KSQNMhhcbO0sw/gq7BByCqGdzYWS6MTHyNlV7l0rHpSxVtWuyGKjeUwfVEptyrGBLgdL2bN3txI=,文化部-藝術發展司
2021/01/08,110年「文化部辦理臺灣與拉丁美洲文化交流合作補助要點」補助名單公告,AwardPublish.jsp?__viewstate=KSQNMhhcbO1yJyDxxmxR86C5h6L/OhAbiWi8pTbkCD2xVtWuyGKjeUwfVEptyrGBLgdL2bN3txI=,文化部-文化交流司
2021/01/08,110年度文化部「臺灣品牌團隊計畫」補助名單公告,AwardPublish.jsp?__viewstate=KSQNMhhcbO2ad/fetf+0sdbszAG7ru4zLlbxRcODRT6xVtWuyGKjeUwfVEptyrGBLgdL2bN3txI=,文化部-藝術發展司
2021/01/04,109年度第2梯次國產電影長片輔導金獲選名單,AwardPublish.jsp?__viewstate=KSQNMhhcbO2TBe9cWRjb4OaioLbBHd7tUMBObvquLy2xVtWuyGKjeUwfVEptyrGBLgdL2bN3txI=,文化部影視及流行音樂產業局-電影產業組
2021/01/04,國際工藝設計競賽入選或得獎者補助作業要點,AwardPublish.jsp?__viewstate=KSQNMhhcbO0DqKJUZ+dVIVjP4B3uFQTi3btcjCX4x9+xVtWuyGKjeUwfVEptyrGBLgdL2bN3txI=,國立臺灣工藝研究發展中心
2020/12/31,109年「參與製作國際電影片數位視覺特效獎勵案」獲獎勵名單,AwardPublish.jsp?__viewstate=KSQNMhhcbO3b4BfZayOwlV7R7ARC+LT/eleDisGKEM+xVtWuyGKjeUwfVEptyrGBLgdL2bN3txI=,文化部影視及流行音樂產業局-電影產業組
2020/12/29,110年度推動實體書店發展補助獲補助名單,AwardPublish.jsp?__viewstate=KSQNMhhcbO1KEjxvsTMdKO3LJheBMyyFyNlV7l0rHpSxVtWuyGKjeUwfVEptyrGBLgdL2bN3txI=,文化部-人文及出版司
2020/12/29,110年第一期「視覺藝術產業辦理或參加國際藝術展會」補助名單,AwardPublish.jsp?__viewstate=KSQNMhhcbO1yJyDxxmxR82YQb/is0Ph6iWi8pTbkCD2xVtWuyGKjeUwfVEptyrGBLgdL2bN3txI=,文化部-藝術發展司
2020/12/28,110年第1期「文化部推廣文學閱讀及人文活動補助作業—文學推廣類」補助名單,AwardPublish.jsp?__viewstate=KSQNMhhcbO1yJyDxxmxR8wiDRg2MVZqO3btcjCX4x9+xVtWuyGKjeUwfVEptyrGBLgdL2bN3txI=,文化部-人文及出版司
2020/12/28,110年度表演藝術類獲補助名單公告,AwardPublish.jsp?__viewstate=KSQNMhhcbO1yJyDxxmxR88QwxwQ0Gy4tU4gEFNUeFMixVtWuyGKjeUwfVEptyrGBLgdL2bN3txI=,文化部-藝術發展司
2020/12/28,110年第1期「文化部推廣文學閱讀及人文活動補助作業—人文思想類」補助名單,AwardPublish.jsp?__viewstate=KSQNMhhcbO1yJyDxxmxR81jP4B3uFQTiLlbxRcODRT6xVtWuyGKjeUwfVEptyrGBLgdL2bN3txI=,文化部-人文及出版司
2020/12/25,110年第1期「文化部推廣文學閱讀及人文活動補助作業—閱讀推廣類」補助名單,AwardPublish.jsp?__viewstate=KSQNMhhcbO1yJyDxxmxR8wiDRg2MVZqOUMBObvquLy2xVtWuyGKjeUwfVEptyrGBLgdL2bN3txI=,文化部-人文及出版司
2020/12/23,文化部「青年村落文化行動計畫獎勵作業要點」獎勵名單,AwardPublish.jsp?__viewstate=KSQNMhhcbO1KEjxvsTMdKDBby1SLZHjciWi8pTbkCD2xVtWuyGKjeUwfVEptyrGBLgdL2bN3txI=,文化部-文化資源司
2020/12/23,文化部110年度「視覺藝術類補助」補助名單,AwardPublish.jsp?__viewstate=KSQNMhhcbO1yJyDxxmxR88RIg50ii4acmdNC0Pv85r6xVtWuyGKjeUwfVEptyrGBLgdL2bN3txI=,文化部-藝術發展司
2020/12/18,110年選送文化相關人才出國駐村交流計畫視覺藝術類暨策展類第1階段候選駐村藝術家名單公告,AwardPublish.jsp?__viewstate=KSQNMhhcbO1KEjxvsTMdKCfacP3yj72iyNlV7l0rHpSxVtWuyGKjeUwfVEptyrGBLgdL2bN3txI=,文化部-藝術發展司
2020/12/18,110年選送文化相關人才出國駐村交流計畫視覺藝術類暨策展類-美國紐約ISCP駐村藝術家結果公告,AwardPublish.jsp?__viewstate=KSQNMhhcbO1KEjxvsTMdKCfacP3yj72iiWi8pTbkCD2xVtWuyGKjeUwfVEptyrGBLgdL2bN3txI=,文化部-藝術發展司
2020/12/18,110年選送文化相關人才出國駐村交流計畫視覺藝術類暨策展類-日本滋賀縣陶藝之森結果公告,AwardPublish.jsp?__viewstate=KSQNMhhcbO1KEjxvsTMdKCfacP3yj72imdNC0Pv85r6xVtWuyGKjeUwfVEptyrGBLgdL2bN3txI=,文化部-藝術發展司
2020/12/16,109年度資深演藝人員參與演出電視節目補助案獲補助名單,AwardPublish.jsp?__viewstate=KSQNMhhcbO20hPhV2BwFZtTMpgVxsh15UMBObvquLy2xVtWuyGKjeUwfVEptyrGBLgdL2bN3txI=,文化部影視及流行音樂產業局-廣播電視產業組
2020/12/14,(109年)文化部促進民間提供適當空間供文化創意事業使用補助_補助名單(2020/12/14),AwardPublish.jsp?__viewstate=KSQNMhhcbO1zdh1M36IiDQEnQYq3KsOUrn/dtTH8m/ixVtWuyGKjeUwfVEptyrGBLgdL2bN3txI=,文化部-文創發展司
2020/12/08,2020臺灣工藝競賽得獎名單及評審名單,AwardPublish.jsp?__viewstate=KSQNMhhcbO1hMYEoNUmPx9TMpgVxsh15LlbxRcODRT6xVtWuyGKjeUwfVEptyrGBLgdL2bN3txI=,國立臺灣工藝研究發展中心
2020/12/05,109年國立臺灣工藝研究發展中心「推展工藝文化與工藝傳承計畫」補助案獲補助名單及審查委員名單,AwardPublish.jsp?__viewstate=KSQNMhhcbO0DqKJUZ+dVIZJQ2SnoTdcOeleDisGKEM+xVtWuyGKjeUwfVEptyrGBLgdL2bN3txI=,國立臺灣工藝研究發展中心
2020/12/04,文化部「109年文化藝術政策博碩士論文」獎勵名單,AwardPublish.jsp?__viewstate=KSQNMhhcbO1KEjxvsTMdKFQ6Q4ltjeoDU4gEFNUeFMixVtWuyGKjeUwfVEptyrGBLgdL2bN3txI=,文化部-綜合規劃司
2020/12/01,110年「選送文化相關人才出國駐村交流計畫」文學類第一階段審查結果公告,AwardPublish.jsp?__viewstate=KSQNMhhcbO1jyb6zHQzaWFQ6Q4ltjeoD3btcjCX4x9+xVtWuyGKjeUwfVEptyrGBLgdL2bN3txI=,文化部-人文及出版司
2020/11/25,109年度國產電影片國內映演獎勵名單,AwardPublish.jsp?__viewstate=KSQNMhhcbO0DqKJUZ+dVISfacP3yj72i3btcjCX4x9+xVtWuyGKjeUwfVEptyrGBLgdL2bN3txI=,文化部影視及流行音樂產業局-電影產業組
2020/11/24,國產材在地產業串聯先期研究與調查—台灣漆樹林疏整與漆樹全材應用試驗研究補助計畫(第二次公告),AwardPublish.jsp?__viewstate=KSQNMhhcbO0DqKJUZ+dVIfsHSbkVBMDFeleDisGKEM+xVtWuyGKjeUwfVEptyrGBLgdL2bN3txI=,國立臺灣工藝研究發展中心
2020/11/20,109年度電視劇本開發補助案(第二梯次)獲補助名單,AwardPublish.jsp?__viewstate=KSQNMhhcbO3b4BfZayOwlSNuMIMR5s4gLlbxRcODRT6xVtWuyGKjeUwfVEptyrGBLgdL2bN3txI=,文化部影視及流行音樂產業局-廣播電視產業組
2020/11/20,109年度電影短片輔導金獲補助名單,AwardPublish.jsp?__viewstate=KSQNMhhcbO2TBe9cWRjb4GJBt/h+ps0EmdNC0Pv85r6xVtWuyGKjeUwfVEptyrGBLgdL2bN3txI=,文化部影視及流行音樂產業局-電影產業組
2020/11/16,109年度第2梯次國產電影片國內行銷補助案獲補助名單(第二類行銷宣傳活動),AwardPublish.jsp?__viewstate=KSQNMhhcbO1FwHw4f+SEFEwI5rdLY2SAUMBObvquLy2xVtWuyGKjeUwfVEptyrGBLgdL2bN3txI=,文化部影視及流行音樂產業局-電影產業組
2020/11/16,109年度第2梯次國產電影片國內行銷補助案獲補助名單(第一類行銷策略規劃),AwardPublish.jsp?__viewstate=KSQNMhhcbO1FwHw4f+SEFEwI5rdLY2SA3btcjCX4x9+xVtWuyGKjeUwfVEptyrGBLgdL2bN3txI=,文化部影視及流行音樂產業局-電影產業組
2020/11/13,109年度電視節目劇本創作獎得獎名單,AwardPublish.jsp?__viewstate=KSQNMhhcbO20hPhV2BwFZqGelkKRgzJyU4gEFNUeFMixVtWuyGKjeUwfVEptyrGBLgdL2bN3txI=,文化部影視及流行音樂產業局-廣播電視產業組
2020/11/11,國立傳統藝術中心「109年博碩士論文獎助」獎助名單,AwardPublish.jsp?__viewstate=KSQNMhhcbO1fegj1zVqFNM9PaRm04boi8Juq+AZBErmxVtWuyGKjeUwfVEptyrGBLgdL2bN3txI=,國立傳統藝術中心
2020/11/10,百藝芳華-2020臺灣工藝之家會員圖錄,AwardPublish.jsp?__viewstate=KSQNMhhcbO0DqKJUZ+dVIVvphJu78Uo9iWi8pTbkCD2xVtWuyGKjeUwfVEptyrGBLgdL2bN3txI=,國立臺灣工藝研究發展中心
2020/11/10,2020第30屆台灣國際茶業博覽會,AwardPublish.jsp?__viewstate=KSQNMhhcbO0DqKJUZ+dVIVvphJu78Uo9mdNC0Pv85r6xVtWuyGKjeUwfVEptyrGBLgdL2bN3txI=,國立臺灣工藝研究發展中心
2020/11/09,109年度電視節目製作補助案第二梯次獲補助名單,AwardPublish.jsp?__viewstate=KSQNMhhcbO20hPhV2BwFZmBdFOrr8FwOeleDisGKEM+xVtWuyGKjeUwfVEptyrGBLgdL2bN3txI=,文化部影視及流行音樂產業局-廣播電視產業組
2020/11/05,109年「導電材料複合天然纖維開發創作補助計畫」,AwardPublish.jsp?__viewstate=KSQNMhhcbO0DqKJUZ+dVIZJQ2SnoTdcOU4gEFNUeFMixVtWuyGKjeUwfVEptyrGBLgdL2bN3txI=,國立臺灣工藝研究發展中心
2020/11/04,109年國立臺灣工藝研究發展中心「推展工藝文化與工藝傳承計畫」補助案獲補助名單及審查委員名單,AwardPublish.jsp?__viewstate=KSQNMhhcbO0DqKJUZ+dVIUs3NMcaHQYHU4gEFNUeFMixVtWuyGKjeUwfVEptyrGBLgdL2bN3txI=,國立臺灣工藝研究發展中心
2020/11/02,(109年)「國產電影片應用數位視覺特效製作獎助案」(已取得電影片分級證明之申請案)獲獎補助名單,AwardPublish.jsp?__viewstate=KSQNMhhcbO2TBe9cWRjb4NvWIAiK96nBUMBObvquLy2xVtWuyGKjeUwfVEptyrGBLgdL2bN3txI=,文化部影視及流行音樂產業局-電影產業組
2020/11/01,國產材在地產業串聯先期研究與調查—台灣漆樹林疏整與漆樹全材應用試驗研究補助計畫,AwardPublish.jsp?__viewstate=KSQNMhhcbO0DqKJUZ+dVIUs3NMcaHQYH8Juq+AZBErmxVtWuyGKjeUwfVEptyrGBLgdL2bN3txI=,國立臺灣工藝研究發展中心
2020/10/12,109年度第7次文化部補助文化團體及個人參與多面向拓展文化交流補助審查結果,AwardPublish.jsp?__viewstate=KSQNMhhcbO1n0NJEqlBAJbeLpctHuFtZrn/dtTH8m/ixVtWuyGKjeUwfVEptyrGBLgdL2bN3txI=,文化部-文化交流司
2020/09/28,109年度第6次文化部補助文化團體及個人參與多面向拓展文化交流補助審查結果,AwardPublish.jsp?__viewstate=KSQNMhhcbO1n0NJEqlBAJbeLpctHuFtZmdNC0Pv85r6xVtWuyGKjeUwfVEptyrGBLgdL2bN3txI=,文化部-文化交流司
2020/09/26,109年度電視金鐘獎得獎名單及評審委員名單,AwardPublish.jsp?__viewstate=KSQNMhhcbO20hPhV2BwFZtvWIAiK96nBiWi8pTbkCD2xVtWuyGKjeUwfVEptyrGBLgdL2bN3txI=,文化部影視及流行音樂產業局-廣播電視產業組
2020/09/23,109年度國產電影片企劃及劇本開發獲補助名單,AwardPublish.jsp?__viewstate=KSQNMhhcbO2TBe9cWRjb4AyKi2VQDhQLUMBObvquLy2xVtWuyGKjeUwfVEptyrGBLgdL2bN3txI=,文化部影視及流行音樂產業局-電影產業組
2020/09/19,109年度廣播金鐘獎得獎名單及評審委員名單,AwardPublish.jsp?__viewstate=KSQNMhhcbO20hPhV2BwFZvUTcnrCShylLlbxRcODRT6xVtWuyGKjeUwfVEptyrGBLgdL2bN3txI=,文化部影視及流行音樂產業局-廣播電視產業組
2020/09/03,臺灣工藝復興季百藝芳華-2020臺灣工藝大展,AwardPublish.jsp?__viewstate=KSQNMhhcbO0DqKJUZ+dVIUs3NMcaHQYHyNlV7l0rHpSxVtWuyGKjeUwfVEptyrGBLgdL2bN3txI=,國立臺灣工藝研究發展中心
2020/09/03,本部109年「補助文化團體及個人參與多面向拓展文化交流－視覺及表演藝術類」申請案第2次審查結果,AwardPublish.jsp?__viewstate=KSQNMhhcbO0VWPW3S/hTyL+f7n58xtfuyNlV7l0rHpSxVtWuyGKjeUwfVEptyrGBLgdL2bN3txI=,文化部-藝術發展司
2020/08/31,文化部109年度時尚跨界活動補助案第二梯次審查結果公告,AwardPublish.jsp?__viewstate=KSQNMhhcbO1FwHw4f+SEFAARyM4ADS5JeleDisGKEM+xVtWuyGKjeUwfVEptyrGBLgdL2bN3txI=,文化部-文創發展司
2020/08/26,109年度電視金鐘獎入圍名單,AwardPublish.jsp?__viewstate=KSQNMhhcbO20hPhV2BwFZpML1DeGYmPWiWi8pTbkCD2xVtWuyGKjeUwfVEptyrGBLgdL2bN3txI=,文化部影視及流行音樂產業局-廣播電視產業組
2020/08/19,109年度廣播金鐘獎入圍名單,AwardPublish.jsp?__viewstate=KSQNMhhcbO20hPhV2BwFZml89HBUvx5F3btcjCX4x9+xVtWuyGKjeUwfVEptyrGBLgdL2bN3txI=,文化部影視及流行音樂產業局-廣播電視產業組
2020/08/14,109年「輔導數位出版產業發展」補助名單及評審委員名單公告,AwardPublish.jsp?__viewstate=KSQNMhhcbO2kH1RLs1UQsKt8+NAPs9foiWi8pTbkCD2xVtWuyGKjeUwfVEptyrGBLgdL2bN3txI=,文化部-人文及出版司
2020/08/13, 109年流行音樂新媒體應用節目製播計畫補助案(第二梯次)獲補助名單,AwardPublish.jsp?__viewstate=KSQNMhhcbO2DtbSUy+bdnoC89+nm6KwRyNlV7l0rHpSxVtWuyGKjeUwfVEptyrGBLgdL2bN3txI=,文化部影視及流行音樂產業局-流行音樂產業組
2020/08/07,109年「新南向海外交流專題計畫」補助名單,AwardPublish.jsp?__viewstate=KSQNMhhcbO1KEjxvsTMdKMpUad4Z05t4UMBObvquLy2xVtWuyGKjeUwfVEptyrGBLgdL2bN3txI=,文化部-文化交流司
2020/08/07,109年度金視獎得獎名單,AwardPublish.jsp?__viewstate=KSQNMhhcbO2DtbSUy+bdnlX2+4xecrj83btcjCX4x9+xVtWuyGKjeUwfVEptyrGBLgdL2bN3txI=,文化部影視及流行音樂產業局-廣播電視產業組
2020/08/03,109年度第1梯次國產電影長片輔導金獲選名單,AwardPublish.jsp?__viewstate=KSQNMhhcbO2TBe9cWRjb4I1jjxI8YxqByNlV7l0rHpSxVtWuyGKjeUwfVEptyrGBLgdL2bN3txI=,文化部影視及流行音樂產業局-電影產業組
2020/07/31,文化部109年第一期「翻譯出版補助作業要點」申請案 件審查結果,AwardPublish.jsp?__viewstate=KSQNMhhcbO2696/swfavfv+r5BI8uRTirn/dtTH8m/ixVtWuyGKjeUwfVEptyrGBLgdL2bN3txI=,文化部-人文及出版司
2020/07/30,109年文化部推動社區營造及村落文化-自主參與類下半年(第2次)核定補助名單,AwardPublish.jsp?__viewstate=KSQNMhhcbO06MZsUDF9MvouPTqhhcbOoLlbxRcODRT6xVtWuyGKjeUwfVEptyrGBLgdL2bN3txI=,國立臺東生活美學館
2020/07/29,109年度「電影人才培訓輔導要點」第2梯次補助名單,AwardPublish.jsp?__viewstate=KSQNMhhcbO2TBe9cWRjb4LKJdAbtElC/eleDisGKEM+xVtWuyGKjeUwfVEptyrGBLgdL2bN3txI=,文化部影視及流行音樂產業局-電影產業組
2020/07/28,仿古陶瓷-穿越古今技藝重現,AwardPublish.jsp?__viewstate=KSQNMhhcbO0DqKJUZ+dVIaj03M9OSzwsU4gEFNUeFMixVtWuyGKjeUwfVEptyrGBLgdL2bN3txI=,國立臺灣工藝研究發展中心
2020/07/23,109年「文化部推動社區營造及村落文化補助計畫」自主參與類第二期獲補助名單及審查委員名單,AwardPublish.jsp?__viewstate=KSQNMhhcbO391gjwho80IfhXrqBLRrWCUMBObvquLy2xVtWuyGKjeUwfVEptyrGBLgdL2bN3txI=,國立彰化生活美學館
2020/07/16,109年度綜藝節目製作補助案獲補助名單,AwardPublish.jsp?__viewstate=KSQNMhhcbO20hPhV2BwFZmUMiLLF35knrn/dtTH8m/ixVtWuyGKjeUwfVEptyrGBLgdL2bN3txI=,文化部影視及流行音樂產業局-廣播電視產業組
2020/07/15,109年「文化部推動社區營造及村落文化補助案」自主參與類第二次獲補助名單及審查委員名單,AwardPublish.jsp?__viewstate=KSQNMhhcbO2Bc20LQLufk2UMiLLF35kniWi8pTbkCD2xVtWuyGKjeUwfVEptyrGBLgdL2bN3txI=,國立新竹生活美學館
2020/07/15,109年度文化部推動社區營造及村落文化補助計畫-自主參與類(第二梯次)獲補助名單及評審委員名單,AwardPublish.jsp?__viewstate=KSQNMhhcbO32CMeuy7/XzSXPBh3yfbpomdNC0Pv85r6xVtWuyGKjeUwfVEptyrGBLgdL2bN3txI=,國立臺南生活美學館
2020/07/09,109年度電視劇本開發補助案獲補助名單,AwardPublish.jsp?__viewstate=KSQNMhhcbO3b4BfZayOwlVvSXhhDPWCsU4gEFNUeFMixVtWuyGKjeUwfVEptyrGBLgdL2bN3txI=,文化部影視及流行音樂產業局-廣播電視產業組
2020/07/03,109年度金視獎入圍名單,AwardPublish.jsp?__viewstate=KSQNMhhcbO2DtbSUy+bdniXPBh3yfbpoLlbxRcODRT6xVtWuyGKjeUwfVEptyrGBLgdL2bN3txI=,文化部影視及流行音樂產業局-廣播電視產業組
2020/07/03,109年度國家人權博物館人權教育推廣活動補助作業要點第2期審查結果,AwardPublish.jsp?__viewstate=KSQNMhhcbO1hMYEoNUmPx8w0u+Nl8N2uyNlV7l0rHpSxVtWuyGKjeUwfVEptyrGBLgdL2bN3txI=,國家人權博物館
2020/07/03,2020-2021法國布洛瓦bd BOUM漫畫之家駐村交流計畫獲補助名單及評審名單,AwardPublish.jsp?__viewstate=KSQNMhhcbO2kH1RLs1UQsFvphJu78Uo9yNlV7l0rHpSxVtWuyGKjeUwfVEptyrGBLgdL2bN3txI=,文化部-人文及出版司
2020/07/01,109年度「國家鐵道博物館籌備處推展鐵道學術暨文化活動補助計畫」補助名單,AwardPublish.jsp?__viewstate=KSQNMhhcbO2I90hg28V5OmUMiLLF35kneleDisGKEM+xVtWuyGKjeUwfVEptyrGBLgdL2bN3txI=,國家鐵道博物館籌備處
2020/06/30,109年度第5次文化部補助文化團體及個人參與多面向拓展文化交流補助審查結果,AwardPublish.jsp?__viewstate=KSQNMhhcbO1n0NJEqlBAJaT8fkpYb+/F8Juq+AZBErmxVtWuyGKjeUwfVEptyrGBLgdL2bN3txI=,文化部-文化交流司
2020/06/30,文化部109年度「補助文創事業國際參展」(第2梯次)補助名單,AwardPublish.jsp?__viewstate=KSQNMhhcbO32CMeuy7/Xzc0dvaPRKVXoyNlV7l0rHpSxVtWuyGKjeUwfVEptyrGBLgdL2bN3txI=,文化部-文創發展司
2020/06/30,109年「流行音樂製作發行補助案-錄製升級類」獲補助名單,AwardPublish.jsp?__viewstate=KSQNMhhcbO0dD8ICoKavlHfMo3cVNwujrn/dtTH8m/ixVtWuyGKjeUwfVEptyrGBLgdL2bN3txI=,文化部影視及流行音樂產業局-流行音樂產業組
2020/06/30,109年第2期「文化部推廣文學閱讀及人文活動補助作業—閱讀推廣類」補助名單,AwardPublish.jsp?__viewstate=KSQNMhhcbO0bUigv8uXHdgKceDgg3XEj8Juq+AZBErmxVtWuyGKjeUwfVEptyrGBLgdL2bN3txI=,文化部-人文及出版司
2020/06/30,109年第5次「補助民間團體辦理兩岸傳播或新聞交流活動」審查結果,AwardPublish.jsp?__viewstate=KSQNMhhcbO2MV1KLsvCKe/V0/ZTa/Tu5UMBObvquLy2xVtWuyGKjeUwfVEptyrGBLgdL2bN3txI=,文化部-文化交流司
2020/06/30,109年第2期「推廣文學閱讀及人文活動補助作業—文學推廣類」補助名單,AwardPublish.jsp?__viewstate=KSQNMhhcbO0bUigv8uXHdgKceDgg3XEj3btcjCX4x9+xVtWuyGKjeUwfVEptyrGBLgdL2bN3txI=,文化部-人文及出版司
2020/06/30,109年第2期「文化部推廣文學閱讀及人文活動補助作業—人文思想類」補助名單,AwardPublish.jsp?__viewstate=KSQNMhhcbO0bUigv8uXHdgKceDgg3XEjU4gEFNUeFMixVtWuyGKjeUwfVEptyrGBLgdL2bN3txI=,文化部-人文及出版司
2020/06/30,臺灣菲律賓工藝產業合作研發補助計畫,AwardPublish.jsp?__viewstate=KSQNMhhcbO0DqKJUZ+dVITRbwsvpQS65U4gEFNUeFMixVtWuyGKjeUwfVEptyrGBLgdL2bN3txI=,國立臺灣工藝研究發展中心
2020/06/29,109年第二期「視覺藝術產業辦理或參加國際藝術展會」補助名單,AwardPublish.jsp?__viewstate=KSQNMhhcbO1MVxhdXi1kHQKceDgg3XEjmdNC0Pv85r6xVtWuyGKjeUwfVEptyrGBLgdL2bN3txI=,文化部-藝術發展司
2020/06/24,109年「流行音樂跨界內容合製補助案」獲補助名單,AwardPublish.jsp?__viewstate=KSQNMhhcbO2DtbSUy+bdns0dvaPRKVXoiWi8pTbkCD2xVtWuyGKjeUwfVEptyrGBLgdL2bN3txI=,文化部影視及流行音樂產業局-流行音樂產業組
2020/06/22,109年度「輔導電影產業數位升級」獲選名單,AwardPublish.jsp?__viewstate=KSQNMhhcbO2TBe9cWRjb4HfMo3cVNwujLlbxRcODRT6xVtWuyGKjeUwfVEptyrGBLgdL2bN3txI=,文化部影視及流行音樂產業局-電影產業組
2020/06/18,109年度第1梯次國產電影片國內行銷補助案獲補助名單,AwardPublish.jsp?__viewstate=KSQNMhhcbO1FwHw4f+SEFDySN8z8JnrBUMBObvquLy2xVtWuyGKjeUwfVEptyrGBLgdL2bN3txI=,文化部影視及流行音樂產業局-電影產業組
2020/06/16,109年度電視節目劇本創作獎入圍名單,AwardPublish.jsp?__viewstate=KSQNMhhcbO20hPhV2BwFZtvOm1iY9XDN8Juq+AZBErmxVtWuyGKjeUwfVEptyrGBLgdL2bN3txI=,文化部影視及流行音樂產業局-廣播電視產業組
2020/06/16,109年「流行音樂產業行銷推廣補助案」第一類獲補助名單,AwardPublish.jsp?__viewstate=KSQNMhhcbO2DtbSUy+bdniBvqxBXJCPA8Juq+AZBErmxVtWuyGKjeUwfVEptyrGBLgdL2bN3txI=,文化部影視及流行音樂產業局-流行音樂產業組
2020/06/15,109年度文化藝術團體急難補助作業,AwardPublish.jsp?__viewstate=KSQNMhhcbO0VWPW3S/hTyGOQmMCc6RkeiWi8pTbkCD2xVtWuyGKjeUwfVEptyrGBLgdL2bN3txI=,文化部-藝術發展司
2020/06/10,109年度超高畫質電視節目製作補助案獲補助名單,AwardPublish.jsp?__viewstate=KSQNMhhcbO3b4BfZayOwlVznThTE5SPHmdNC0Pv85r6xVtWuyGKjeUwfVEptyrGBLgdL2bN3txI=,文化部影視及流行音樂產業局-廣播電視產業組
2020/06/05,109年「流行音樂製作發行補助案-創作樂團類」獲補助名單,AwardPublish.jsp?__viewstate=KSQNMhhcbO0dD8ICoKavlCYH/0oicioweleDisGKEM+xVtWuyGKjeUwfVEptyrGBLgdL2bN3txI=,文化部影視及流行音樂產業局-流行音樂產業組
2020/06/05,(個人)「109~110年都會型社區營造暨公廈行動方案徵選競賽」得獎名單暨評審名單,AwardPublish.jsp?__viewstate=KSQNMhhcbO2LC8rFaabmPqfu4PSymj2pLlbxRcODRT6xVtWuyGKjeUwfVEptyrGBLgdL2bN3txI=,國立新竹生活美學館
2020/06/05,(團體)「109~110年都會型社區營造暨公廈行動方案徵選競賽」得獎名單暨評審名單,AwardPublish.jsp?__viewstate=KSQNMhhcbO2LC8rFaabmPqfu4PSymj2pyNlV7l0rHpSxVtWuyGKjeUwfVEptyrGBLgdL2bN3txI=,國立新竹生活美學館
2020/06/05,「頂工頂藝 2020 臺灣頂極工藝協會會員圖錄」計畫補助案,AwardPublish.jsp?__viewstate=KSQNMhhcbO0DqKJUZ+dVISYH/0oiciowiWi8pTbkCD2xVtWuyGKjeUwfVEptyrGBLgdL2bN3txI=,國立臺灣工藝研究發展中心
2020/06/02,109年「流行音樂人才培訓補助案」獲補助名單,AwardPublish.jsp?__viewstate=KSQNMhhcbO0dD8ICoKavlAWdKQZ2o+My3btcjCX4x9+xVtWuyGKjeUwfVEptyrGBLgdL2bN3txI=,文化部影視及流行音樂產業局-流行音樂產業組
2020/06/02,文化部109年度時尚跨界活動補助案審查結果公告,AwardPublish.jsp?__viewstate=KSQNMhhcbO1FwHw4f+SEFBk6gZXjHOmaU4gEFNUeFMixVtWuyGKjeUwfVEptyrGBLgdL2bN3txI=,文化部-文創發展司
2020/05/29,109年「文化部國家文化記憶庫榮民與眷村主題計畫」獲補助名單暨評審名單,AwardPublish.jsp?__viewstate=KSQNMhhcbO2+F3X8T6vm5w0l4mhFYLYfrn/dtTH8m/ixVtWuyGKjeUwfVEptyrGBLgdL2bN3txI=,國立新竹生活美學館
2020/05/29,109年度電視節目製作補助案獲補助名單,AwardPublish.jsp?__viewstate=KSQNMhhcbO20hPhV2BwFZmktjhliJgoz8Juq+AZBErmxVtWuyGKjeUwfVEptyrGBLgdL2bN3txI=,文化部影視及流行音樂產業局-廣播電視產業組
2020/05/28,109年「社區融藝、跨界共融」補助計畫實施要點補助名單,AwardPublish.jsp?__viewstate=KSQNMhhcbO2+F3X8T6vm543ro0mobDXWmdNC0Pv85r6xVtWuyGKjeUwfVEptyrGBLgdL2bN3txI=,國立彰化生活美學館
2020/05/25,2020社區及區域特色工藝扶植-農村微型工藝產業培力計畫,AwardPublish.jsp?__viewstate=KSQNMhhcbO0DqKJUZ+dVIem4fKLv1TONyNlV7l0rHpSxVtWuyGKjeUwfVEptyrGBLgdL2bN3txI=,國立臺灣工藝研究發展中心
2020/05/20,「109年度廣播節目製播補助案」獲補助名單,AwardPublish.jsp?__viewstate=KSQNMhhcbO20hPhV2BwFZkVQJDF8JjRoU4gEFNUeFMixVtWuyGKjeUwfVEptyrGBLgdL2bN3txI=,文化部影視及流行音樂產業局-廣播電視產業組
2020/05/20,109年度第4次文化部補助文化團體及個人參與多面向拓展文化交流補助審查結果,AwardPublish.jsp?__viewstate=KSQNMhhcbO1n0NJEqlBAJRRXITK+qmdFrn/dtTH8m/ixVtWuyGKjeUwfVEptyrGBLgdL2bN3txI=,文化部-文化交流司
2020/05/19,109年度紀錄片製作補助案獲補助名單,AwardPublish.jsp?__viewstate=KSQNMhhcbO2DtbSUy+bdnkVQJDF8JjRo3btcjCX4x9+xVtWuyGKjeUwfVEptyrGBLgdL2bN3txI=,文化部影視及流行音樂產業局-廣播電視產業組
2020/05/18,109年度文化部本土語言創作及應用補助名單,AwardPublish.jsp?__viewstate=KSQNMhhcbO0dD8ICoKavlHV8bZzzNbnViWi8pTbkCD2xVtWuyGKjeUwfVEptyrGBLgdL2bN3txI=,文化部-人文及出版司
2020/05/15,109年「鼓勵赴國外參與流行音樂國際活動」補助案獲補助名單(出席葛萊美獎頒獎典禮),AwardPublish.jsp?__viewstate=KSQNMhhcbO2DtbSUy+bdngMxKCSV8xtqmdNC0Pv85r6xVtWuyGKjeUwfVEptyrGBLgdL2bN3txI=,文化部影視及流行音樂產業局-流行音樂產業組
2020/05/15,109年「流行音樂產業行銷推廣補助案」第二類獲補助名單,AwardPublish.jsp?__viewstate=KSQNMhhcbO2DtbSUy+bdniBvqxBXJCPAUMBObvquLy2xVtWuyGKjeUwfVEptyrGBLgdL2bN3txI=,文化部影視及流行音樂產業局-流行音樂產業組
2020/05/11,109年「流行音樂製作發行補助案-影視原創音樂歌曲類」獲補助名單,AwardPublish.jsp?__viewstate=KSQNMhhcbO0dD8ICoKavlE+O2SFnOHR5UMBObvquLy2xVtWuyGKjeUwfVEptyrGBLgdL2bN3txI=,文化部影視及流行音樂產業局-流行音樂產業組
2020/05/08,109年「流行音樂星品牌經紀國際發展計畫補助案」獲補助名單,AwardPublish.jsp?__viewstate=KSQNMhhcbO2DtbSUy+bdnr2TMp6MyBocU4gEFNUeFMixVtWuyGKjeUwfVEptyrGBLgdL2bN3txI=,文化部影視及流行音樂產業局-流行音樂產業組
2020/05/08,109年本土語言流行音樂專輯製作發行補助案獲補助名單,AwardPublish.jsp?__viewstate=KSQNMhhcbO2DtbSUy+bdnv775vzb1kE1LlbxRcODRT6xVtWuyGKjeUwfVEptyrGBLgdL2bN3txI=,文化部影視及流行音樂產業局-流行音樂產業組
2020/05/01,補助入圍(選)或獲國內外重要影展獎項電影片之影視事業及導演製作下一部電影片補助金核定名單,AwardPublish.jsp?__viewstate=KSQNMhhcbO13KQacA6DqjUOBTXvuWh0YmdNC0Pv85r6xVtWuyGKjeUwfVEptyrGBLgdL2bN3txI=,文化部影視及流行音樂產業局-電影產業組
2020/04/30,109年文化部文化體驗內容徵選補助作業要點--北區獲補助名單公告含評審委員名單,AwardPublish.jsp?__viewstate=KSQNMhhcbO2LC8rFaabmPtl/vAlR7Ny4yNlV7l0rHpSxVtWuyGKjeUwfVEptyrGBLgdL2bN3txI=,國立新竹生活美學館
2020/04/29,109年度影視人才培訓補助案獲補助名單,AwardPublish.jsp?__viewstate=KSQNMhhcbO20hPhV2BwFZpCBaCDXgJ01mdNC0Pv85r6xVtWuyGKjeUwfVEptyrGBLgdL2bN3txI=,文化部影視及流行音樂產業局-廣播電視產業組
2020/04/23,公告文化部「109年度走讀臺灣主題路徑建置計畫」徵件獎勵競賽獲獎勵名單,AwardPublish.jsp?__viewstate=KSQNMhhcbO2+F3X8T6vm5yKlqsBzc7jYUMBObvquLy2xVtWuyGKjeUwfVEptyrGBLgdL2bN3txI=,文化部-人文及出版司
2020/04/20,109年文化部補助辦理文化論壇作業要點補助名單,AwardPublish.jsp?__viewstate=KSQNMhhcbO2Bc20LQLufkyKlqsBzc7jYrn/dtTH8m/ixVtWuyGKjeUwfVEptyrGBLgdL2bN3txI=,文化部-綜合規劃司
2020/04/14,109年度兒童電視節目製作補助案獲補助名單,AwardPublish.jsp?__viewstate=KSQNMhhcbO3b4BfZayOwlUkgMVJHbQU5LlbxRcODRT6xVtWuyGKjeUwfVEptyrGBLgdL2bN3txI=,文化部影視及流行音樂產業局-廣播電視產業組
2020/04/13,108年「鼓勵赴國外參與流行音樂國際活動」第三梯次補助案獲補助名單,AwardPublish.jsp?__viewstate=KSQNMhhcbO2v1gJd7Q3l8STRMAbWWV81iWi8pTbkCD2xVtWuyGKjeUwfVEptyrGBLgdL2bN3txI=,文化部影視及流行音樂產業局-流行音樂產業組
2020/04/09,108年度「補助入圍(選)或獲國內外重要影展獎項電影片之影視事業及導演製作下一部電影片(紀錄片)」紀錄片獲補助名單,AwardPublish.jsp?__viewstate=KSQNMhhcbO3b4BfZayOwlTeUFZXKS0UPiWi8pTbkCD2xVtWuyGKjeUwfVEptyrGBLgdL2bN3txI=,文化部影視及流行音樂產業局-廣播電視產業組
2020/04/09,109年第3次「文化部補助文化團體及個人參與多面向拓展文化交流」補助審查結果,AwardPublish.jsp?__viewstate=KSQNMhhcbO1n0NJEqlBAJV/iLcceD4qeUMBObvquLy2xVtWuyGKjeUwfVEptyrGBLgdL2bN3txI=,文化部-文化交流司
2020/04/08,2020-2021法國安古蘭國際漫畫暨影像城駐村交流計畫獲補助名單及評審名單,AwardPublish.jsp?__viewstate=KSQNMhhcbO2kH1RLs1UQsKGelkKRgzJyLlbxRcODRT6xVtWuyGKjeUwfVEptyrGBLgdL2bN3txI=,文化部-人文及出版司
2020/04/06,109年度文化部輔導核心創作及獨立工作者進駐文化創意聚落計畫補助名單,AwardPublish.jsp?__viewstate=KSQNMhhcbO1zdh1M36IiDUptk4rVZ9XpeleDisGKEM+xVtWuyGKjeUwfVEptyrGBLgdL2bN3txI=,文化部-文創發展司
2020/04/01,國立傳統藝術中心109年度補助案(第二次徵件)審查通過名單,AwardPublish.jsp?__viewstate=KSQNMhhcbO0bUigv8uXHdt1jV846wHEy3btcjCX4x9+xVtWuyGKjeUwfVEptyrGBLgdL2bN3txI=,國立傳統藝術中心
2020/03/24,109年文化部推動社區營造及村落文化-互助共好類補助單位及審查委員名單,AwardPublish.jsp?__viewstate=KSQNMhhcbO06MZsUDF9MvmqdJOl0QJAhrn/dtTH8m/ixVtWuyGKjeUwfVEptyrGBLgdL2bN3txI=,國立臺東生活美學館
2020/03/23,109年第2次「文化部補助文化團體及個人參與多面向拓展文化交流」補助審查結果,AwardPublish.jsp?__viewstate=KSQNMhhcbO1n0NJEqlBAJfnol/aMVUcWrn/dtTH8m/ixVtWuyGKjeUwfVEptyrGBLgdL2bN3txI=,文化部-文化交流司
2020/03/23,109年「文化部推動社區營造及村落文化補助計畫」互助共好類獲補助名單及審查委員名單,AwardPublish.jsp?__viewstate=KSQNMhhcbO391gjwho80IUyjwxKQIQkXU4gEFNUeFMixVtWuyGKjeUwfVEptyrGBLgdL2bN3txI=,國立彰化生活美學館
2020/03/23,109年文化部推動社區營造及村落文化-自主參與類上半年補助單位及審查委員名單,AwardPublish.jsp?__viewstate=KSQNMhhcbO06MZsUDF9MvmqdJOl0QJAhLlbxRcODRT6xVtWuyGKjeUwfVEptyrGBLgdL2bN3txI=,國立臺東生活美學館
2020/03/23,109年「文化部推動社區營造及村落文化補助計畫」自主參與類第一期獲補助名單及審查委員名單,AwardPublish.jsp?__viewstate=KSQNMhhcbO391gjwho80IaaJ9WtI7jujyNlV7l0rHpSxVtWuyGKjeUwfVEptyrGBLgdL2bN3txI=,國立彰化生活美學館
2020/03/19,109年「文化部推動社區營造及村落文化補助計畫」自主參與類第1次獲補助名單及審查委員名單,AwardPublish.jsp?__viewstate=KSQNMhhcbO2Bc20LQLufk2btJ8X28vgqUMBObvquLy2xVtWuyGKjeUwfVEptyrGBLgdL2bN3txI=,國立新竹生活美學館
2020/03/19,109年「文化部推動社區營造及村落文化補助計畫」互助共好類獲補助名單及審查委員名單,AwardPublish.jsp?__viewstate=KSQNMhhcbO2Bc20LQLufk2btJ8X28vgqU4gEFNUeFMixVtWuyGKjeUwfVEptyrGBLgdL2bN3txI=,國立新竹生活美學館
2020/03/18,109年度文化部推動社區營造及村落文化補助計畫-互助共好類獲補助名單及評審委員名單,AwardPublish.jsp?__viewstate=KSQNMhhcbO32CMeuy7/XzQ9N5Knf7AN6rn/dtTH8m/ixVtWuyGKjeUwfVEptyrGBLgdL2bN3txI=,國立臺南生活美學館
2020/03/18,109年度文化部推動社區營造及村落文化補助計畫-自主參與類(第一梯次)獲補助名單及評審委員名單,AwardPublish.jsp?__viewstate=KSQNMhhcbO32CMeuy7/XzQ9N5Knf7AN68Juq+AZBErmxVtWuyGKjeUwfVEptyrGBLgdL2bN3txI=,國立臺南生活美學館
2020/03/10,文化部辦理亞西及南亞地區與臺灣文化交流合作補助要點--109年度徵件獲補助名單公告,AwardPublish.jsp?__viewstate=KSQNMhhcbO32CMeuy7/XzVxysv1Iq1o0mdNC0Pv85r6xVtWuyGKjeUwfVEptyrGBLgdL2bN3txI=,文化部-文化交流司
2020/03/10,109年第21屆文化部選送國內文化相關人才出國駐村交流計畫-美國佛蒙特駐村獲選人,AwardPublish.jsp?__viewstate=KSQNMhhcbO0bUigv8uXHdrZfVWVB0RVs3btcjCX4x9+xVtWuyGKjeUwfVEptyrGBLgdL2bN3txI=,文化部-人文及出版司
2020/03/09,文化部選送文化相關人才出國駐村交流計畫-影視及流行音樂類第2階段遴選結果,AwardPublish.jsp?__viewstate=KSQNMhhcbO0bUigv8uXHdlqDB7RKs+xH3btcjCX4x9+xVtWuyGKjeUwfVEptyrGBLgdL2bN3txI=,文化部-影視及流行音樂發展司
2020/03/09,文化部109年度時尚跨界活動補助案第一梯次審查結果公告,AwardPublish.jsp?__viewstate=KSQNMhhcbO1FwHw4f+SEFFqDB7RKs+xHU4gEFNUeFMixVtWuyGKjeUwfVEptyrGBLgdL2bN3txI=,文化部-文創發展司
2020/03/09,109年第21屆文化部選送國內文化相關人才出國駐村交流計畫-荷蘭歐洲陶藝中心獲選名單,AwardPublish.jsp?__viewstate=KSQNMhhcbO0CWylfS6mTSpAZzm6uKqUPLlbxRcODRT6xVtWuyGKjeUwfVEptyrGBLgdL2bN3txI=,文化部-藝術發展司
2020/03/09,109年第21屆文化部選送國內文化相關人才出國駐村交流計畫-法國西帖藝術村-表演藝術類獲選名單,AwardPublish.jsp?__viewstate=KSQNMhhcbO0CWylfS6mTSpAZzm6uKqUPiWi8pTbkCD2xVtWuyGKjeUwfVEptyrGBLgdL2bN3txI=,文化部-藝術發展司
2020/03/09,109年第21屆文化部選送國內文化相關人才出國駐村交流計畫-法國西帖藝術村-視覺藝術(含策展)類獲選名單,AwardPublish.jsp?__viewstate=KSQNMhhcbO0CWylfS6mTSpAZzm6uKqUPrn/dtTH8m/ixVtWuyGKjeUwfVEptyrGBLgdL2bN3txI=,文化部-藝術發展司
2020/03/06,109-110年度「補助直轄市及縣(市)推動文化創意產業發展計畫」獎補助名單,AwardPublish.jsp?__viewstate=KSQNMhhcbO0bUigv8uXHdl28EWEKDJLF8Juq+AZBErmxVtWuyGKjeUwfVEptyrGBLgdL2bN3txI=,文化部-文創發展司
2020/03/03,109年度「電影人才培訓輔導要點」第1梯次獲補助名單,AwardPublish.jsp?__viewstate=KSQNMhhcbO2TBe9cWRjb4N1yJrI4uUwwyNlV7l0rHpSxVtWuyGKjeUwfVEptyrGBLgdL2bN3txI=,文化部影視及流行音樂產業局-電影產業組
2020/03/03,109年文化部「臺灣青年文化園丁隊」補助名單,AwardPublish.jsp?__viewstate=KSQNMhhcbO1MVxhdXi1kHZAZzm6uKqUPUMBObvquLy2xVtWuyGKjeUwfVEptyrGBLgdL2bN3txI=,文化部-文化交流司
2020/03/03,109年文化部推廣文化平權補助作業要點補助名單,AwardPublish.jsp?__viewstate=KSQNMhhcbO2Bc20LQLufkzXZ2ObkYYS23btcjCX4x9+xVtWuyGKjeUwfVEptyrGBLgdL2bN3txI=,文化部-綜合規劃司
2020/03/03,竹茶席空間實體構築補助計畫,AwardPublish.jsp?__viewstate=KSQNMhhcbO0DqKJUZ+dVIXP0dCZgaYUdU4gEFNUeFMixVtWuyGKjeUwfVEptyrGBLgdL2bN3txI=,國立臺灣工藝研究發展中心
2020/03/02,本部109年「補助文化團體及個人參與多面向拓展文化交流－視覺及表演藝術類」申請案第1次審查結果,AwardPublish.jsp?__viewstate=KSQNMhhcbO0VWPW3S/hTyGhA74w7KN8vLlbxRcODRT6xVtWuyGKjeUwfVEptyrGBLgdL2bN3txI=,文化部-藝術發展司
2020/03/02,109年第21屆選送文化相關人才出國駐村及交流計畫-本部選送類-美國聖塔菲藝術學院駐村獲選人,AwardPublish.jsp?__viewstate=KSQNMhhcbO0bUigv8uXHdmMdTNol799B8Juq+AZBErmxVtWuyGKjeUwfVEptyrGBLgdL2bN3txI=,文化部-人文及出版司
2020/02/28,109年第2次文化部補助辦理蒙藏學術文化及人道援助活動申請案件審查結果,AwardPublish.jsp?__viewstate=KSQNMhhcbO2LC8rFaabmPkjPwZLDeECzyNlV7l0rHpSxVtWuyGKjeUwfVEptyrGBLgdL2bN3txI=,文化部-蒙藏文化中心
2020/02/26,109年度國家人權博物館人權教育推廣活動補助作業要點第1期審查結果-個人補助結果公告,AwardPublish.jsp?__viewstate=KSQNMhhcbO1hMYEoNUmPxzXZ2ObkYYS2eleDisGKEM+xVtWuyGKjeUwfVEptyrGBLgdL2bN3txI=,國家人權博物館
2020/02/25,109年度國家人權博物館人權教育推廣活動補助作業要點第1期審查結果-民間團體及學校機關補助結果公告,AwardPublish.jsp?__viewstate=KSQNMhhcbO1hMYEoNUmPx+2CY4IWej6liWi8pTbkCD2xVtWuyGKjeUwfVEptyrGBLgdL2bN3txI=,國家人權博物館
2020/02/22,2020國際工藝設計競賽入選或得獎者補助作業須知,AwardPublish.jsp?__viewstate=KSQNMhhcbO0DqKJUZ+dVIesxxGFY5C1amdNC0Pv85r6xVtWuyGKjeUwfVEptyrGBLgdL2bN3txI=,國立臺灣工藝研究發展中心
2020/02/20,文化部「109年東南亞地區與臺灣文化交流合作補助」徵件獲補助名單審查結果,AwardPublish.jsp?__viewstate=KSQNMhhcbO2MV1KLsvCKeweFOsGw1gmB3btcjCX4x9+xVtWuyGKjeUwfVEptyrGBLgdL2bN3txI=,文化部-文化交流司
2020/02/19,109年第21屆文化部選送國內文化相關人才出國駐村交流計畫-英國灣園駐村獲選人,AwardPublish.jsp?__viewstate=KSQNMhhcbO0bUigv8uXHdrymcdobAiqmUMBObvquLy2xVtWuyGKjeUwfVEptyrGBLgdL2bN3txI=,文化部-人文及出版司
2020/02/14,109年度國家人權博物館人權教育推廣活動補助作業要點第1期審查結果-各(直轄)縣市政府補助結果公告,AwardPublish.jsp?__viewstate=KSQNMhhcbO1hMYEoNUmPx+si0RlitMMtLlbxRcODRT6xVtWuyGKjeUwfVEptyrGBLgdL2bN3txI=,國家人權博物館
2020/02/14,109年第1次文化部補助辦理蒙藏學術文化及人道援助活動申請案件審查結果,AwardPublish.jsp?__viewstate=KSQNMhhcbO2LC8rFaabmPkjPwZLDeECzrn/dtTH8m/ixVtWuyGKjeUwfVEptyrGBLgdL2bN3txI=,文化部-蒙藏文化中心
2020/02/12,109年流行音樂新媒體應用節目製播計畫補助案(第一梯次)獲補助名單,AwardPublish.jsp?__viewstate=KSQNMhhcbO2v1gJd7Q3l8QKAS4sMSn7ryNlV7l0rHpSxVtWuyGKjeUwfVEptyrGBLgdL2bN3txI=,文化部影視及流行音樂產業局-流行音樂產業組
2020/02/11,109年第1次「文化部補助文化團體及個人參與多面向拓展文化交流」補助審查結果,AwardPublish.jsp?__viewstate=KSQNMhhcbO1n0NJEqlBAJRNXv88qxNOUU4gEFNUeFMixVtWuyGKjeUwfVEptyrGBLgdL2bN3txI=,文化部-文化交流司
2020/02/11,108年度「文化部補助出席文化資產相關重要國際組織會議及活動處理要點」補助名單,AwardPublish.jsp?__viewstate=KSQNMhhcbO3Cy9JZxCHU9cNj5rHiYHtR3btcjCX4x9+xVtWuyGKjeUwfVEptyrGBLgdL2bN3txI=,文化部文化資產局
2020/02/07,109年度「扶植青年藝術發展計畫」視覺藝術類補助名單,AwardPublish.jsp?__viewstate=KSQNMhhcbO0CWylfS6mTStsHIbNCyZU5LlbxRcODRT6xVtWuyGKjeUwfVEptyrGBLgdL2bN3txI=,文化部-藝術發展司
2020/02/07,109年度「扶植青年藝術發展計畫」表演藝術類補助名單,AwardPublish.jsp?__viewstate=KSQNMhhcbO0CWylfS6mTStsHIbNCyZU5iWi8pTbkCD2xVtWuyGKjeUwfVEptyrGBLgdL2bN3txI=,文化部-藝術發展司
2020/02/07,109年第21屆文化部選送國內文化相關人才出國駐村交流計畫-西班牙昂格藝術村獲選名單,AwardPublish.jsp?__viewstate=KSQNMhhcbO0CWylfS6mTSvppXiX6MeyaUMBObvquLy2xVtWuyGKjeUwfVEptyrGBLgdL2bN3txI=,文化部-藝術發展司
2020/02/04,109年第21屆文化部選送國內文化相關人才出國駐村交流計畫-德國貝塔藝術村獲選名單,AwardPublish.jsp?__viewstate=KSQNMhhcbO0CWylfS6mTSvppXiX6MeyaLlbxRcODRT6xVtWuyGKjeUwfVEptyrGBLgdL2bN3txI=,文化部-藝術發展司
2020/02/03,文化部109年度「補助文創事業國際參展」(第1梯次)補助名單,AwardPublish.jsp?__viewstate=KSQNMhhcbO32CMeuy7/Xzbr+kXFkrC3Urn/dtTH8m/ixVtWuyGKjeUwfVEptyrGBLgdL2bN3txI=,文化部-文創發展司
2020/02/03,109年第21屆文化部選送國內文化相關人才出國駐村交流計畫-美國18街藝術村獲選名單,AwardPublish.jsp?__viewstate=KSQNMhhcbO0CWylfS6mTSj/5tQNBwH1ALlbxRcODRT6xVtWuyGKjeUwfVEptyrGBLgdL2bN3txI=,文化部-藝術發展司
2020/01/31,109年第21屆文化部選送國內文化相關人才出國駐村交流計畫-美國舞蹈藝術節國際編舞家駐村計畫獲選名單,AwardPublish.jsp?__viewstate=KSQNMhhcbO0CWylfS6mTSmQix/i0GxmwLlbxRcODRT6xVtWuyGKjeUwfVEptyrGBLgdL2bN3txI=,文化部-藝術發展司
2020/01/31,(109年)「文化部辦理臺灣與拉丁美洲文化交流合作補助要點」補助名單公告,AwardPublish.jsp?__viewstate=KSQNMhhcbO1MVxhdXi1kHeuhy6g+zAObiWi8pTbkCD2xVtWuyGKjeUwfVEptyrGBLgdL2bN3txI=,文化部-文化交流司
2020/01/31,文化部109年度「補助藝術村營運扶植計畫」補助名單,AwardPublish.jsp?__viewstate=KSQNMhhcbO06MZsUDF9Mvrr+kXFkrC3UmdNC0Pv85r6xVtWuyGKjeUwfVEptyrGBLgdL2bN3txI=,文化部-藝術發展司
2020/01/22,109年度「文化部臺灣品牌團隊計畫」補助名單,AwardPublish.jsp?__viewstate=KSQNMhhcbO06MZsUDF9Mvq+QAB6TlIXv8Juq+AZBErmxVtWuyGKjeUwfVEptyrGBLgdL2bN3txI=,文化部-藝術發展司
2020/01/22,109年度「文化部原創漫畫內容開發與跨業發展及行銷補助作業要點」獲補助名單,AwardPublish.jsp?__viewstate=KSQNMhhcbO1MVxhdXi1kHQmBZRJvcITUU4gEFNUeFMixVtWuyGKjeUwfVEptyrGBLgdL2bN3txI=,文化部-人文及出版司
2020/01/21,109年度推動實體書店發展補助獲補助名單,AwardPublish.jsp?__viewstate=KSQNMhhcbO0bUigv8uXHdj/5tQNBwH1AeleDisGKEM+xVtWuyGKjeUwfVEptyrGBLgdL2bN3txI=,文化部-人文及出版司
2020/01/16,109年科技藝術創作發展補助名單,AwardPublish.jsp?__viewstate=KSQNMhhcbO0CWylfS6mTSjvo1ioeQ/F68Juq+AZBErmxVtWuyGKjeUwfVEptyrGBLgdL2bN3txI=,文化部-藝術發展司
2020/01/10,109年度文化部推行語言多樣性友善環境補助案 - 獲補助名單公告,AwardPublish.jsp?__viewstate=KSQNMhhcbO1MVxhdXi1kHTvo1ioeQ/F6eleDisGKEM+xVtWuyGKjeUwfVEptyrGBLgdL2bN3txI=,文化部-人文及出版司
2020/01/08,"108年第二期文化部翻譯出版補助計畫獲補助名單 (Announcement of 2019 Translation Grant Program, Ministry of Culture, Taiwan, ROC)",AwardPublish.jsp?__viewstate=KSQNMhhcbO2696/swfavfg/fejy3nmzn3btcjCX4x9+xVtWuyGKjeUwfVEptyrGBLgdL2bN3txI=,文化部-人文及出版司
2020/01/07,108年「鼓勵赴國外參與流行音樂國際活動」第二梯次補助案獲補助名單,AwardPublish.jsp?__viewstate=KSQNMhhcbO2v1gJd7Q3l8WQuNPjw03MKyNlV7l0rHpSxVtWuyGKjeUwfVEptyrGBLgdL2bN3txI=,文化部影視及流行音樂產業局-流行音樂產業組
2020/01/06,109年媒合演藝團隊進駐演藝場所合作計畫補助名單,AwardPublish.jsp?__viewstate=KSQNMhhcbO0bUigv8uXHdkEnfZBQPic68Juq+AZBErmxVtWuyGKjeUwfVEptyrGBLgdL2bN3txI=,文化部-藝術發展司
2020/01/03,108年度第2梯次國產電影長片輔導金獲選名單,AwardPublish.jsp?__viewstate=KSQNMhhcbO13KQacA6DqjVt0v8kV64zsmdNC0Pv85r6xVtWuyGKjeUwfVEptyrGBLgdL2bN3txI=,文化部影視及流行音樂產業局-電影產業組
2020/01/03,109年度文化部青年創作獲獎勵名單,AwardPublish.jsp?__viewstate=KSQNMhhcbO0bUigv8uXHdla54DEv0ua5rn/dtTH8m/ixVtWuyGKjeUwfVEptyrGBLgdL2bN3txI=,文化部-人文及出版司
2020/01/02,國立傳統藝術中心109年度補助案審查通過名單,AwardPublish.jsp?__viewstate=KSQNMhhcbO0bUigv8uXHdq+QAB6TlIXv3btcjCX4x9+xVtWuyGKjeUwfVEptyrGBLgdL2bN3txI=,國立傳統藝術中心
2019/12/31,2019年國家工藝成就獎,AwardPublish.jsp?__viewstate=KSQNMhhcbO16VCftjupLAusi0RlitMMtiWi8pTbkCD2xVtWuyGKjeUwfVEptyrGBLgdL2bN3txI=,國立臺灣工藝研究發展中心
2019/12/31,108-109年度文化部推動博物館與地方文化館發展計畫補助名單(運籌),AwardPublish.jsp?__viewstate=KSQNMhhcbO2RoDJPt3cYqBpc6xamSgXzLlbxRcODRT6xVtWuyGKjeUwfVEptyrGBLgdL2bN3txI=,文化部-文化資源司
2019/12/31,108-109年度文化部推動博物館與地方文化館發展計畫補助名單(旗艦型),AwardPublish.jsp?__viewstate=KSQNMhhcbO2RoDJPt3cYqBpc6xamSgXzyNlV7l0rHpSxVtWuyGKjeUwfVEptyrGBLgdL2bN3txI=,文化部-文化資源司
2019/12/31,108-109年度文化部推動博物館與地方文化館發展計畫補助名單,AwardPublish.jsp?__viewstate=KSQNMhhcbO2RoDJPt3cYqFeOav6CNHxcyNlV7l0rHpSxVtWuyGKjeUwfVEptyrGBLgdL2bN3txI=,文化部-文化資源司
2019/12/31,109年度文化部推動博物館與地方文化館發展計畫補助名單,AwardPublish.jsp?__viewstate=KSQNMhhcbO1hMYEoNUmPxwtvzY7Y26UveleDisGKEM+xVtWuyGKjeUwfVEptyrGBLgdL2bN3txI=,文化部-文化資源司
2019/12/30,「2019年日本東京國際家居生活設計展」參展廠商補助計畫,AwardPublish.jsp?__viewstate=KSQNMhhcbO16VCftjupLAmQuNPjw03MKrn/dtTH8m/ixVtWuyGKjeUwfVEptyrGBLgdL2bN3txI=,國立臺灣工藝研究發展中心
2019/12/30,榫卯家具工法數位化計畫,AwardPublish.jsp?__viewstate=KSQNMhhcbO16VCftjupLAktceRfm+sk6U4gEFNUeFMixVtWuyGKjeUwfVEptyrGBLgdL2bN3txI=,國立臺灣工藝研究發展中心
2019/12/26,109年度表演藝術類獲補助名單公告,AwardPublish.jsp?__viewstate=KSQNMhhcbO3JY5iJr/Gi2WQuNPjw03MKmdNC0Pv85r6xVtWuyGKjeUwfVEptyrGBLgdL2bN3txI=,文化部-藝術發展司
2019/12/23,109年第1期「文化部推廣文學閱讀及人文活動補助作業—人文思想推廣類」補助名單,AwardPublish.jsp?__viewstate=KSQNMhhcbO0bUigv8uXHdpcHiYetA/hSLlbxRcODRT6xVtWuyGKjeUwfVEptyrGBLgdL2bN3txI=,文化部-人文及出版司
2019/12/23,108年第4次文化部補助辦理蒙藏學術文化及人道援助活動申請案件審查結果,AwardPublish.jsp?__viewstate=KSQNMhhcbO2h7+Ag4Wk+D0tceRfm+sk6rn/dtTH8m/ixVtWuyGKjeUwfVEptyrGBLgdL2bN3txI=,文化部-蒙藏文化中心
2019/12/20,109年第1期「推廣文學閱讀及人文活動補助作業—文學推廣類」補助名單,AwardPublish.jsp?__viewstate=KSQNMhhcbO0bUigv8uXHdpeHV+AetN7SmdNC0Pv85r6xVtWuyGKjeUwfVEptyrGBLgdL2bN3txI=,文化部-人文及出版司
2019/12/20,109年第1期「文化部推廣文學閱讀及人文活動補助作業—閱讀推廣類」補助名單,AwardPublish.jsp?__viewstate=KSQNMhhcbO0bUigv8uXHdpeHV+AetN7Srn/dtTH8m/ixVtWuyGKjeUwfVEptyrGBLgdL2bN3txI=,文化部-人文及出版司
2019/12/20,109年選送文化相關人才出國駐村交流計畫文學類第1階段候選駐村作家名單公告--英國灣園,AwardPublish.jsp?__viewstate=KSQNMhhcbO0bUigv8uXHduAiqUFkVo7W8Juq+AZBErmxVtWuyGKjeUwfVEptyrGBLgdL2bN3txI=,文化部-人文及出版司
2019/12/20,109年選送文化相關人才出國駐村交流計畫文學類第1階段候選駐村作家名單公告--美國佛蒙特工作室中心,AwardPublish.jsp?__viewstate=KSQNMhhcbO0bUigv8uXHduAiqUFkVo7WUMBObvquLy2xVtWuyGKjeUwfVEptyrGBLgdL2bN3txI=,文化部-人文及出版司
2019/12/20,109年選送文化相關人才出國駐村交流計畫文學類第1階段候選駐村作家名單公告--美國聖塔菲藝術學院,AwardPublish.jsp?__viewstate=KSQNMhhcbO0bUigv8uXHduAiqUFkVo7W3btcjCX4x9+xVtWuyGKjeUwfVEptyrGBLgdL2bN3txI=,文化部-人文及出版司
2019/12/20,文化部109年度「視覺藝術類補助作業要點」獲補助名單公告,AwardPublish.jsp?__viewstate=KSQNMhhcbO1MVxhdXi1kHTH3YkoROkucU4gEFNUeFMixVtWuyGKjeUwfVEptyrGBLgdL2bN3txI=,文化部-藝術發展司
2019/12/19,109年第一期「視覺藝術產業辦理或參加國際藝術展會」補助名單,AwardPublish.jsp?__viewstate=KSQNMhhcbO1MVxhdXi1kHTv/bPkjLHkfUMBObvquLy2xVtWuyGKjeUwfVEptyrGBLgdL2bN3txI=,文化部-藝術發展司
2019/12/19,109年選送文化相關人才出國駐村交流計畫表演藝術類第1階段候選駐村藝術家名單公告,AwardPublish.jsp?__viewstate=KSQNMhhcbO0CWylfS6mTSq2S4/C1xNgm3btcjCX4x9+xVtWuyGKjeUwfVEptyrGBLgdL2bN3txI=,文化部-藝術發展司
2019/12/19,109年選送文化相關人才出國駐村交流計畫視覺藝術類暨策展類第1階段候選駐村藝術家名單公告,AwardPublish.jsp?__viewstate=KSQNMhhcbO0CWylfS6mTSq2S4/C1xNgmU4gEFNUeFMixVtWuyGKjeUwfVEptyrGBLgdL2bN3txI=,文化部-藝術發展司
2019/12/19,109年選送文化相關人才出國駐村交流計畫視覺藝術類暨策展類-美國紐約ISCP駐村藝術家結果公告,AwardPublish.jsp?__viewstate=KSQNMhhcbO0CWylfS6mTSiXkCMkdwPf9eleDisGKEM+xVtWuyGKjeUwfVEptyrGBLgdL2bN3txI=,文化部-藝術發展司
2019/12/19,109年選送文化相關人才出國駐村交流計畫視覺藝術類暨策展類-日本滋賀縣陶藝之森結果公告,AwardPublish.jsp?__viewstate=KSQNMhhcbO0CWylfS6mTSiXkCMkdwPf9LlbxRcODRT6xVtWuyGKjeUwfVEptyrGBLgdL2bN3txI=,文化部-藝術發展司
2019/12/18,(108年)文化部促進民間提供適當空間供文化創意事業使用補助_補助名單(2019/12/18),AwardPublish.jsp?__viewstate=KSQNMhhcbO2Q+YPhBuTWJhEXO1+R71sp8Juq+AZBErmxVtWuyGKjeUwfVEptyrGBLgdL2bN3txI=,文化部-文創發展司
2019/12/16,109年選送文化相關人才出國駐村交流計畫影視音類第1階段候選駐村藝術家名單公告,AwardPublish.jsp?__viewstate=KSQNMhhcbO0bUigv8uXHdsoC5WdYVvcmiWi8pTbkCD2xVtWuyGKjeUwfVEptyrGBLgdL2bN3txI=,文化部-影視及流行音樂發展司
2019/12/12,文化部108年臺灣漫畫研究計畫補助名單,AwardPublish.jsp?__viewstate=KSQNMhhcbO1MVxhdXi1kHREXO1+R71speleDisGKEM+xVtWuyGKjeUwfVEptyrGBLgdL2bN3txI=,文化部-人文及出版司
2019/12/10,2019國際工藝設計競賽入選者及得獎者,AwardPublish.jsp?__viewstate=KSQNMhhcbO16VCftjupLAvKH5+CNHQyHUMBObvquLy2xVtWuyGKjeUwfVEptyrGBLgdL2bN3txI=,國立臺灣工藝研究發展中心
2019/12/09,108年度第10次文化團體及個人參與多面向拓展文化交流補助申請案件審查結果(108年度),AwardPublish.jsp?__viewstate=KSQNMhhcbO2RoDJPt3cYqBEXO1+R71spLlbxRcODRT6xVtWuyGKjeUwfVEptyrGBLgdL2bN3txI=,文化部-文化交流司
2019/12/09,108年度第10次文化團體及個人參與多面向拓展文化交流補助申請案件審查結果(109年度),AwardPublish.jsp?__viewstate=KSQNMhhcbO1n0NJEqlBAJSYi3Lw/orGNU4gEFNUeFMixVtWuyGKjeUwfVEptyrGBLgdL2bN3txI=,文化部-文化交流司
2019/12/07,2019臺灣工藝競賽得獎名單及評審名單,AwardPublish.jsp?__viewstate=KSQNMhhcbO16VCftjupLAm5M7LfSC1sc3btcjCX4x9+xVtWuyGKjeUwfVEptyrGBLgdL2bN3txI=,國立臺灣工藝研究發展中心
2019/12/06,「108年度資深演藝人員參與演出電視節目補助案」獲補助名單,AwardPublish.jsp?__viewstate=KSQNMhhcbO2jINskeIU+DzG949VjV5/b8Juq+AZBErmxVtWuyGKjeUwfVEptyrGBLgdL2bN3txI=,文化部影視及流行音樂產業局-廣播電視產業組
2019/12/02,國立傳統藝術中心「108年博碩士論文獎助」獎助名單,AwardPublish.jsp?__viewstate=KSQNMhhcbO26SqbSs4ZyPn5uq397hDbdiWi8pTbkCD2xVtWuyGKjeUwfVEptyrGBLgdL2bN3txI=,國立傳統藝術中心
2019/11/28,108年度電視節目製作補助案第二梯次獲補助名單,AwardPublish.jsp?__viewstate=KSQNMhhcbO1SVnaNE/Ihr3GSNb4nH9McyNlV7l0rHpSxVtWuyGKjeUwfVEptyrGBLgdL2bN3txI=,文化部影視及流行音樂產業局-廣播電視產業組
2019/11/26,108年文化部推動國家文化記憶庫計畫核定補助名單(108年第二批),AwardPublish.jsp?__viewstate=KSQNMhhcbO31EfwADLuPJXGSNb4nH9McLlbxRcODRT6xVtWuyGKjeUwfVEptyrGBLgdL2bN3txI=,文化部-文化資源司
2019/11/25,108年度國產電影片國內映演獎勵名單,AwardPublish.jsp?__viewstate=KSQNMhhcbO2jINskeIU+D/KH5+CNHQyHmdNC0Pv85r6xVtWuyGKjeUwfVEptyrGBLgdL2bN3txI=,文化部影視及流行音樂產業局-電影產業組
2019/11/22,107年及108年「參與製作國際電影片數位視覺特效獎勵案」 獲獎勵名單,AwardPublish.jsp?__viewstate=KSQNMhhcbO13KQacA6DqjTurjDIcAUbuUMBObvquLy2xVtWuyGKjeUwfVEptyrGBLgdL2bN3txI=,文化部影視及流行音樂產業局-電影產業組
2019/11/20,108年度電視業海外行銷補助案第8次評選小組會議獲補助名單,AwardPublish.jsp?__viewstate=KSQNMhhcbO1SVnaNE/IhrxF5GcMcZRSYeleDisGKEM+xVtWuyGKjeUwfVEptyrGBLgdL2bN3txI=,文化部影視及流行音樂產業局-廣播電視產業組
2019/11/15,文化部109年度「補助國內表演藝術經典作品大陸巡演計畫」補助名單,AwardPublish.jsp?__viewstate=KSQNMhhcbO0VWPW3S/hTyN7NMtGn4B5R8Juq+AZBErmxVtWuyGKjeUwfVEptyrGBLgdL2bN3txI=,文化部-藝術發展司
2019/11/14,108年度電視節目劇本創作獎得獎名單,AwardPublish.jsp?__viewstate=KSQNMhhcbO1SVnaNE/Ihr8nKdAEnGrFtiWi8pTbkCD2xVtWuyGKjeUwfVEptyrGBLgdL2bN3txI=,文化部影視及流行音樂產業局-廣播電視產業組
2019/11/12,108年度超高畫質電視節目製作補助案第二梯次獲補助名單,AwardPublish.jsp?__viewstate=KSQNMhhcbO0vyt4nLrcElqeG63YF9ivtLlbxRcODRT6xVtWuyGKjeUwfVEptyrGBLgdL2bN3txI=,文化部影視及流行音樂產業局-廣播電視產業組
2019/11/11,108年流行音樂新媒體應用節目製播計畫補助案(第二梯次)獲補助名單,AwardPublish.jsp?__viewstate=KSQNMhhcbO2v1gJd7Q3l8dGciQPbMZMdU4gEFNUeFMixVtWuyGKjeUwfVEptyrGBLgdL2bN3txI=,文化部影視及流行音樂產業局-流行音樂產業組
2019/11/08,108年度兒童電視節目製作補助案第二梯次獲補助名單,AwardPublish.jsp?__viewstate=KSQNMhhcbO0vyt4nLrcEltE27p5p5UUyrn/dtTH8m/ixVtWuyGKjeUwfVEptyrGBLgdL2bN3txI=,文化部影視及流行音樂產業局-廣播電視產業組
2019/11/08,108年「流行音樂人才培訓補助案」第一類獲補助名單,AwardPublish.jsp?__viewstate=KSQNMhhcbO2v1gJd7Q3l8ZnBHZm6dC1z8Juq+AZBErmxVtWuyGKjeUwfVEptyrGBLgdL2bN3txI=,文化部影視及流行音樂產業局-流行音樂產業組
2019/11/05,108年度文化藝術團體急難補助作業,AwardPublish.jsp?__viewstate=KSQNMhhcbO31EfwADLuPJWgbjEc6tlEZyNlV7l0rHpSxVtWuyGKjeUwfVEptyrGBLgdL2bN3txI=,文化部-藝術發展司
2019/10/31,2019法國巴黎國際家飾用品展 MAISON&OBJET PARIS參展計畫補助名單,AwardPublish.jsp?__viewstate=KSQNMhhcbO16VCftjupLAhEXO1+R71spmdNC0Pv85r6xVtWuyGKjeUwfVEptyrGBLgdL2bN3txI=,國立臺灣工藝研究發展中心
2019/10/30,108年度第2梯次國產電影片國內創意行銷計畫補助獲選名單,AwardPublish.jsp?__viewstate=KSQNMhhcbO13KQacA6DqjVF/814NOPERyNlV7l0rHpSxVtWuyGKjeUwfVEptyrGBLgdL2bN3txI=,文化部影視及流行音樂產業局-電影產業組
2019/10/30,108年度「國產電影片應用數位視覺特效製作獎助案」獲獎補助名單,AwardPublish.jsp?__viewstate=KSQNMhhcbO13KQacA6Dqjap2nK/yEdGCiWi8pTbkCD2xVtWuyGKjeUwfVEptyrGBLgdL2bN3txI=,文化部影視及流行音樂產業局-電影產業組
2019/10/29,文化部108年度時尚跨界活動補助案審查結果公告,AwardPublish.jsp?__viewstate=KSQNMhhcbO0haQfYTgrmPvHGRyP5GNVILlbxRcODRT6xVtWuyGKjeUwfVEptyrGBLgdL2bN3txI=,文化部-文創發展司
2019/10/21,「工藝新南向-2019曼谷工藝展參展計畫」徵選參展廠商評選,AwardPublish.jsp?__viewstate=KSQNMhhcbO16VCftjupLAi4Im8U/R5kuUMBObvquLy2xVtWuyGKjeUwfVEptyrGBLgdL2bN3txI=,國立臺灣工藝研究發展中心
2019/10/21,108年國立臺灣工藝研究發展中心「推展工藝文化與工藝傳承計畫」補助案獲補助名單及審查委員名單,AwardPublish.jsp?__viewstate=KSQNMhhcbO16VCftjupLAi4Im8U/R5kuU4gEFNUeFMixVtWuyGKjeUwfVEptyrGBLgdL2bN3txI=,國立臺灣工藝研究發展中心
2019/10/21,2019第八屆中國蘇州文化創意設計產業交易蘇州創博會暨2019中國(景德鎮)國際茶、器產業博覽會暨茶器包裝設計展計畫,AwardPublish.jsp?__viewstate=KSQNMhhcbO16VCftjupLAphOTygIJcAoeleDisGKEM+xVtWuyGKjeUwfVEptyrGBLgdL2bN3txI=,國立臺灣工藝研究發展中心
2019/10/21,108台日當代漆藝創作交流展參展補助計畫補助名單,AwardPublish.jsp?__viewstate=KSQNMhhcbO16VCftjupLAphOTygIJcAoiWi8pTbkCD2xVtWuyGKjeUwfVEptyrGBLgdL2bN3txI=,國立臺灣工藝研究發展中心
2019/10/21,108年度【年輕工藝設計人才投入在地研創實驗】徵選計畫補助名單,AwardPublish.jsp?__viewstate=KSQNMhhcbO16VCftjupLAphOTygIJcAomdNC0Pv85r6xVtWuyGKjeUwfVEptyrGBLgdL2bN3txI=,國立臺灣工藝研究發展中心
2019/10/21,臺灣菲律賓工藝產業合作研發補助甄選計畫補助名單,AwardPublish.jsp?__viewstate=KSQNMhhcbO16VCftjupLAphOTygIJcAo8Juq+AZBErmxVtWuyGKjeUwfVEptyrGBLgdL2bN3txI=,國立臺灣工藝研究發展中心
2019/10/16,108年度電視業海外行銷補助案第7次評選小組會議獲補助名單,AwardPublish.jsp?__viewstate=KSQNMhhcbO1SVnaNE/Ihr6K5pkOi4Qma8Juq+AZBErmxVtWuyGKjeUwfVEptyrGBLgdL2bN3txI=,文化部影視及流行音樂產業局-廣播電視產業組
2019/10/15,108年度電影短片輔導金獲補助名單,AwardPublish.jsp?__viewstate=KSQNMhhcbO13KQacA6DqjWvZsXFdaji1LlbxRcODRT6xVtWuyGKjeUwfVEptyrGBLgdL2bN3txI=,文化部影視及流行音樂產業局-電影產業組
2019/10/14,108年度第9次文化團體及個人參與多面向拓展文化交流補助申請案件審查結果,AwardPublish.jsp?__viewstate=KSQNMhhcbO2RoDJPt3cYqC4Im8U/R5kuiWi8pTbkCD2xVtWuyGKjeUwfVEptyrGBLgdL2bN3txI=,文化部-文化交流司
2019/10/05,108年度電視金鐘獎得獎名單及評審委員名單,AwardPublish.jsp?__viewstate=KSQNMhhcbO2jINskeIU+DxFvYm96YdicmdNC0Pv85r6xVtWuyGKjeUwfVEptyrGBLgdL2bN3txI=,文化部影視及流行音樂產業局-廣播電視產業組
2019/09/30,2019參數式設計導入曲木家具試驗研究開發補助計畫,AwardPublish.jsp?__viewstate=KSQNMhhcbO16VCftjupLAsqFNY/YZkFDmdNC0Pv85r6xVtWuyGKjeUwfVEptyrGBLgdL2bN3txI=,國立臺灣工藝研究發展中心
2019/09/28,108年度廣播金鐘獎得獎名單及評審委員名單,AwardPublish.jsp?__viewstate=KSQNMhhcbO1SVnaNE/Ihr4yeze7xlPPirn/dtTH8m/ixVtWuyGKjeUwfVEptyrGBLgdL2bN3txI=,文化部影視及流行音樂產業局-廣播電視產業組
2019/09/27,108年度國產電影片企劃及劇本開發補助案獲選補助名單,AwardPublish.jsp?__viewstate=KSQNMhhcbO13KQacA6DqjWDAXjwL3DsqLlbxRcODRT6xVtWuyGKjeUwfVEptyrGBLgdL2bN3txI=,文化部影視及流行音樂產業局-電影產業組
2019/09/25,108年度金視獎得獎名單,AwardPublish.jsp?__viewstate=KSQNMhhcbO2jINskeIU+D9rZ6PGdn/W8iWi8pTbkCD2xVtWuyGKjeUwfVEptyrGBLgdL2bN3txI=,文化部影視及流行音樂產業局-廣播電視產業組
2019/09/24,108年度綜藝節目製作補助獲補助名單,AwardPublish.jsp?__viewstate=KSQNMhhcbO1SVnaNE/IhrzNvRjscbwKPUMBObvquLy2xVtWuyGKjeUwfVEptyrGBLgdL2bN3txI=,文化部影視及流行音樂產業局-廣播電視產業組
2019/09/23,108年度第8次文化團體及個人參與多面向拓展文化交流補助申請案件審查結果,AwardPublish.jsp?__viewstate=KSQNMhhcbO2RoDJPt3cYqNrZ6PGdn/W8eleDisGKEM+xVtWuyGKjeUwfVEptyrGBLgdL2bN3txI=,文化部-文化交流司
2019/09/23,108年度電視劇本開發補助獲補助名單,AwardPublish.jsp?__viewstate=KSQNMhhcbO1SVnaNE/Ihr6xGfHBUciju8Juq+AZBErmxVtWuyGKjeUwfVEptyrGBLgdL2bN3txI=,文化部影視及流行音樂產業局-廣播電視產業組
2019/09/17,108年度「連續劇海外公開播送公開傳輸獎勵案」得獎名單,AwardPublish.jsp?__viewstate=KSQNMhhcbO1SVnaNE/Ihr80UwULXGBUJiWi8pTbkCD2xVtWuyGKjeUwfVEptyrGBLgdL2bN3txI=,文化部影視及流行音樂產業局-廣播電視產業組
2019/09/10,2019第十二屆海峽兩岸(廈門)文化產業博覽交易會-臺灣工藝之巔展覽,AwardPublish.jsp?__viewstate=KSQNMhhcbO16VCftjupLAmQuNPjw03MKUMBObvquLy2xVtWuyGKjeUwfVEptyrGBLgdL2bN3txI=,國立臺灣工藝研究發展中心
2019/09/09,108年「鼓勵赴國外參與流行音樂國際活動」補助案獲補助名單(出席美國獨立音樂獎頒獎典禮),AwardPublish.jsp?__viewstate=KSQNMhhcbO2v1gJd7Q3l8arPUaETeg3KyNlV7l0rHpSxVtWuyGKjeUwfVEptyrGBLgdL2bN3txI=,文化部影視及流行音樂產業局-流行音樂產業組
2019/09/09,108年第3次補助辦理文化論壇補助名單,AwardPublish.jsp?__viewstate=KSQNMhhcbO0mN0f1UxGzzvCY4uhyi37w8Juq+AZBErmxVtWuyGKjeUwfVEptyrGBLgdL2bN3txI=,文化部-綜合規劃司
2019/09/05,108年度電視節目製作補助案第一梯次獲補助名單,AwardPublish.jsp?__viewstate=KSQNMhhcbO1SVnaNE/Ihr/CY4uhyi37wiWi8pTbkCD2xVtWuyGKjeUwfVEptyrGBLgdL2bN3txI=,文化部影視及流行音樂產業局-廣播電視產業組
2019/09/02,108年度兒童電視節目製作補助案第一梯次獲補助名單,AwardPublish.jsp?__viewstate=KSQNMhhcbO0vyt4nLrcElvRCHGWAbKbtU4gEFNUeFMixVtWuyGKjeUwfVEptyrGBLgdL2bN3txI=,文化部影視及流行音樂產業局-廣播電視產業組
2019/09/02,108年「本土語言流行音樂專輯製作發行補助案」獲補助名單,AwardPublish.jsp?__viewstate=KSQNMhhcbO3JY5iJr/Gi2RIaoitQVjD9eleDisGKEM+xVtWuyGKjeUwfVEptyrGBLgdL2bN3txI=,文化部影視及流行音樂產業局-流行音樂產業組
2019/08/28,108年度電視金鐘獎入圍名單,AwardPublish.jsp?__viewstate=KSQNMhhcbO2jINskeIU+D4yikyX/faVFU4gEFNUeFMixVtWuyGKjeUwfVEptyrGBLgdL2bN3txI=,文化部影視及流行音樂產業局-廣播電視產業組
2019/08/21,108年度廣播金鐘獎入圍名單,AwardPublish.jsp?__viewstate=KSQNMhhcbO1SVnaNE/Ihr0QUxEccuhK38Juq+AZBErmxVtWuyGKjeUwfVEptyrGBLgdL2bN3txI=,文化部影視及流行音樂產業局-廣播電視產業組
2019/08/16,108年「鼓勵赴國外參與流行音樂國際活動」第一梯次補助案獲補助名單,AwardPublish.jsp?__viewstate=KSQNMhhcbO2v1gJd7Q3l8WL8klEXHxfbUMBObvquLy2xVtWuyGKjeUwfVEptyrGBLgdL2bN3txI=,文化部影視及流行音樂產業局-流行音樂產業組
2019/08/16,108年度新媒體跨平臺創意影音節目製作補助獲補助名單,AwardPublish.jsp?__viewstate=KSQNMhhcbO0vyt4nLrcElmfeCSub1OX73btcjCX4x9+xVtWuyGKjeUwfVEptyrGBLgdL2bN3txI=,文化部影視及流行音樂產業局-廣播電視產業組
2019/08/16,108 年「文化部推動社區營造及村落文化補助作業要點」-自主參與類下半年獲補助名單及審查委員名單,AwardPublish.jsp?__viewstate=KSQNMhhcbO1bbCkXTt7YwmL8klEXHxfbU4gEFNUeFMixVtWuyGKjeUwfVEptyrGBLgdL2bN3txI=,國立彰化生活美學館
2019/08/13,108年度第7次文化團體及個人參與多面向拓展文化交流補助申請案件審查結果,AwardPublish.jsp?__viewstate=KSQNMhhcbO2RoDJPt3cYqGL8klEXHxfb8Juq+AZBErmxVtWuyGKjeUwfVEptyrGBLgdL2bN3txI=,文化部-文化交流司
2019/08/13,108年流行音樂新媒體應用節目製播計畫補助案(第一梯次)獲補助名單,AwardPublish.jsp?__viewstate=KSQNMhhcbO2v1gJd7Q3l8XP8pFyoXjkIyNlV7l0rHpSxVtWuyGKjeUwfVEptyrGBLgdL2bN3txI=,文化部影視及流行音樂產業局-流行音樂產業組
2019/08/12,108年度第1梯次國產電影長片輔導金獲選名單,AwardPublish.jsp?__viewstate=KSQNMhhcbO13KQacA6DqjWL8klEXHxfbeleDisGKEM+xVtWuyGKjeUwfVEptyrGBLgdL2bN3txI=,文化部影視及流行音樂產業局-電影產業組
2019/08/08,(108年)文化部第一期「翻譯出版補助作業要點」獲補助名單,AwardPublish.jsp?__viewstate=KSQNMhhcbO0haQfYTgrmPuHH9pCMHLtdLlbxRcODRT6xVtWuyGKjeUwfVEptyrGBLgdL2bN3txI=,文化部-人文及出版司
2019/08/08,108年度電視業海外行銷補助案第5次評選小組會議獲補助名單,AwardPublish.jsp?__viewstate=KSQNMhhcbO1SVnaNE/Ihr2feCSub1OX7yNlV7l0rHpSxVtWuyGKjeUwfVEptyrGBLgdL2bN3txI=,文化部影視及流行音樂產業局-廣播電視產業組
2019/08/08,108年度電視業海外行銷補助案-參團藝人及劇組參加「2019韓國首爾國際電視展（BCWW）」獲補助名單,AwardPublish.jsp?__viewstate=KSQNMhhcbO1SVnaNE/Ihr2feCSub1OX7iWi8pTbkCD2xVtWuyGKjeUwfVEptyrGBLgdL2bN3txI=,文化部影視及流行音樂產業局-廣播電視產業組
2019/08/07,《IP內容實驗室》「創IP 秀4D」實驗計畫徵選獲選獎勵名單公告,AwardPublish.jsp?__viewstate=KSQNMhhcbO3JY5iJr/Gi2XP8pFyoXjkIU4gEFNUeFMixVtWuyGKjeUwfVEptyrGBLgdL2bN3txI=,文化部-人文及出版司
2019/08/06,文化部博物館事業推展補助作業要點109年度獲補助名單,AwardPublish.jsp?__viewstate=KSQNMhhcbO0CWylfS6mTSvdA7+S/JafpUMBObvquLy2xVtWuyGKjeUwfVEptyrGBLgdL2bN3txI=,文化部-文化資源司
2019/08/02,108年度紀錄片製作補助獲補助名單,AwardPublish.jsp?__viewstate=KSQNMhhcbO2jINskeIU+D/SEsEYt01Wxrn/dtTH8m/ixVtWuyGKjeUwfVEptyrGBLgdL2bN3txI=,文化部影視及流行音樂產業局-廣播電視產業組
2019/07/30,(108年)「文化部推動社區營造及村落文化補助案」-自主參與類(下半年)獲補助名單及審查委員名單,AwardPublish.jsp?__viewstate=KSQNMhhcbO2h7+Ag4Wk+D23zfcBEeyikeleDisGKEM+xVtWuyGKjeUwfVEptyrGBLgdL2bN3txI=,國立臺東生活美學館
2019/07/26,108年「文化部推動社區營造及村落文化補助計畫」自主參與類第2次獲補助名單及審查委員名單,AwardPublish.jsp?__viewstate=KSQNMhhcbO2TtwwiIE3IO3gsQKm/0bGQU4gEFNUeFMixVtWuyGKjeUwfVEptyrGBLgdL2bN3txI=,國立新竹生活美學館
2019/07/25,108年度第2梯次「電影人才培訓輔導要點」獲補助名單,AwardPublish.jsp?__viewstate=KSQNMhhcbO13KQacA6DqjcPwSl3JpgaHeleDisGKEM+xVtWuyGKjeUwfVEptyrGBLgdL2bN3txI=,文化部影視及流行音樂產業局-電影產業組
2019/07/25,108年度文化部推動社區營造及村落文化補助作業要點-自主參與類(第二梯次)獲補助名單及評審委員名單,AwardPublish.jsp?__viewstate=KSQNMhhcbO2TtwwiIE3IO7s9TfadJFnC8Juq+AZBErmxVtWuyGKjeUwfVEptyrGBLgdL2bN3txI=,國立臺南生活美學館
2019/07/22,(108年)文化部促進民間提供適當空間供文化創意事業使用補助_補助名單(2019/07/22)-文化部-文創發展司,AwardPublish.jsp?__viewstate=KSQNMhhcbO2Q+YPhBuTWJpK88ko9GAqt3btcjCX4x9+xVtWuyGKjeUwfVEptyrGBLgdL2bN3txI=,文化部-文創發展司
2019/07/18,文化部108年度加速文化內容開發與科技創新應用補助案獲補助名單,AwardPublish.jsp?__viewstate=KSQNMhhcbO1VgQVoUmHo5ll1jMuoftNdiWi8pTbkCD2xVtWuyGKjeUwfVEptyrGBLgdL2bN3txI=,文化部-影視及流行音樂發展司
2019/07/17,108年度電視業海外行銷補助案第4次評選小組會議獲補助名單,AwardPublish.jsp?__viewstate=KSQNMhhcbO1SVnaNE/Ihr/mxASz3XcxtLlbxRcODRT6xVtWuyGKjeUwfVEptyrGBLgdL2bN3txI=,文化部影視及流行音樂產業局-廣播電視產業組
2019/07/16,108年度電視節目翻譯字幕費及配音費補助案 (第一梯次) 獲補助名單,AwardPublish.jsp?__viewstate=KSQNMhhcbO1SVnaNE/Ihr6jmwQ7683AZLlbxRcODRT6xVtWuyGKjeUwfVEptyrGBLgdL2bN3txI=,文化部影視及流行音樂產業局-廣播電視產業組
2019/07/15,108年度超高畫質電視節目製作補助案第一梯次獲補助名單,AwardPublish.jsp?__viewstate=KSQNMhhcbO0vyt4nLrcElhMcMVSd/JzcUMBObvquLy2xVtWuyGKjeUwfVEptyrGBLgdL2bN3txI=,文化部影視及流行音樂產業局-廣播電視產業組
2019/07/12,108年度第6次文化團體及個人參與多面向拓展文化交流補助申請案件審查結果,AwardPublish.jsp?__viewstate=KSQNMhhcbO2RoDJPt3cYqJK88ko9GAqtrn/dtTH8m/ixVtWuyGKjeUwfVEptyrGBLgdL2bN3txI=,文化部-文化交流司
2019/07/12,108年第2期「推廣文學閱讀及人文活動補助作業—文學推廣類」補助名單,AwardPublish.jsp?__viewstate=KSQNMhhcbO01PeVCnZDcAKKnJpKah+b6UMBObvquLy2xVtWuyGKjeUwfVEptyrGBLgdL2bN3txI=,文化部-人文及出版司
2019/07/12,108年第2期「文化部推廣文學閱讀及人文活動補助作業—人文思想推廣類」補助名單,AwardPublish.jsp?__viewstate=KSQNMhhcbO01PeVCnZDcAMkexXuSDOJKeleDisGKEM+xVtWuyGKjeUwfVEptyrGBLgdL2bN3txI=,文化部-人文及出版司
2019/07/12,文化部108年度「補助文創事業國際參展」(第2梯次)補助名單,AwardPublish.jsp?__viewstate=KSQNMhhcbO2Q+YPhBuTWJi7AiYqNrwanLlbxRcODRT6xVtWuyGKjeUwfVEptyrGBLgdL2bN3txI=,文化部-文創發展司
2019/07/12,108年第2期「文化部推廣文學閱讀及人文活動補助作業—閱讀推廣類」補助名單,AwardPublish.jsp?__viewstate=KSQNMhhcbO01PeVCnZDcAMkexXuSDOJKmdNC0Pv85r6xVtWuyGKjeUwfVEptyrGBLgdL2bN3txI=,文化部-人文及出版司
2019/07/05,108年「流行音樂跨界內容合製補助案」獲補助名單,AwardPublish.jsp?__viewstate=KSQNMhhcbO2v1gJd7Q3l8aiTEWbGhxfLUMBObvquLy2xVtWuyGKjeUwfVEptyrGBLgdL2bN3txI=,文化部影視及流行音樂產業局-流行音樂產業組
2019/07/02,108年度電視節目劇本創作獎入圍名單,AwardPublish.jsp?__viewstate=KSQNMhhcbO1SVnaNE/Ihr2TJg3nC25nb8Juq+AZBErmxVtWuyGKjeUwfVEptyrGBLgdL2bN3txI=,文化部影視及流行音樂產業局-廣播電視產業組
2019/06/27,「108年度廣播節目製播補助案」獲補助名單及補助金額,AwardPublish.jsp?__viewstate=KSQNMhhcbO1SVnaNE/Ihr72SP+7+RXPNrn/dtTH8m/ixVtWuyGKjeUwfVEptyrGBLgdL2bN3txI=,文化部影視及流行音樂產業局-廣播電視產業組
2019/06/24,108年度「影視人才培訓補助」獲補助名單,AwardPublish.jsp?__viewstate=KSQNMhhcbO2jINskeIU+Dz1rR2FE7u/SmdNC0Pv85r6xVtWuyGKjeUwfVEptyrGBLgdL2bN3txI=,文化部影視及流行音樂產業局-廣播電視產業組
2019/06/19,108年「流行音樂製作發行補助案-影視原創音樂歌曲類」獲補助名單,AwardPublish.jsp?__viewstate=KSQNMhhcbO2v1gJd7Q3l8Sp4hLpFWDxJyNlV7l0rHpSxVtWuyGKjeUwfVEptyrGBLgdL2bN3txI=,文化部影視及流行音樂產業局-流行音樂產業組
2019/06/19,108年輔導數位出版產業發展補助名單公告,AwardPublish.jsp?__viewstate=KSQNMhhcbO1VgQVoUmHo5qiTEWbGhxfLiWi8pTbkCD2xVtWuyGKjeUwfVEptyrGBLgdL2bN3txI=,文化部-人文及出版司
2019/06/18,108年度「文化部原創漫畫內容開發與跨業發展及行銷補助作業要點」獲補助名單,AwardPublish.jsp?__viewstate=KSQNMhhcbO26SqbSs4ZyPjvFg1xQX8mvUMBObvquLy2xVtWuyGKjeUwfVEptyrGBLgdL2bN3txI=,文化部-人文及出版司
2019/06/18,108年「流行音樂人才培訓補助案」第二類獲補助名單,AwardPublish.jsp?__viewstate=KSQNMhhcbO2v1gJd7Q3l8ekxk84jl+8V3btcjCX4x9+xVtWuyGKjeUwfVEptyrGBLgdL2bN3txI=,文化部影視及流行音樂產業局-流行音樂產業組
2019/06/18,108年「流行音樂製作發行補助案-創作樂團類」獲補助名單,AwardPublish.jsp?__viewstate=KSQNMhhcbO2v1gJd7Q3l8cWwPdlJB/VVU4gEFNUeFMixVtWuyGKjeUwfVEptyrGBLgdL2bN3txI=,文化部影視及流行音樂產業局-流行音樂產業組
2019/06/18,108年「流行音樂製作發行補助案-企製升級類」獲補助名單,AwardPublish.jsp?__viewstate=KSQNMhhcbO2v1gJd7Q3l8Sp4hLpFWDxJeleDisGKEM+xVtWuyGKjeUwfVEptyrGBLgdL2bN3txI=,文化部影視及流行音樂產業局-流行音樂產業組
2019/06/18,本部108年「補助文化團體及個人參與多面向拓展文化交流－視覺及表演藝術類」申請案第4次審查結果,AwardPublish.jsp?__viewstate=KSQNMhhcbO31EfwADLuPJaiTEWbGhxfLLlbxRcODRT6xVtWuyGKjeUwfVEptyrGBLgdL2bN3txI=,文化部-藝術發展司
2019/06/13,107年C類文化資產保存技術補助名單,AwardPublish.jsp?__viewstate=KSQNMhhcbO3Cy9JZxCHU9eQ4/zA8BrrvLlbxRcODRT6xVtWuyGKjeUwfVEptyrGBLgdL2bN3txI=,文化部文化資產局
2019/06/13,108年度C類文化資產保存技術補助名單,AwardPublish.jsp?__viewstate=KSQNMhhcbO3Cy9JZxCHU9TvFg1xQX8mviWi8pTbkCD2xVtWuyGKjeUwfVEptyrGBLgdL2bN3txI=,文化部文化資產局
2019/06/13,108年度第5次文化團體及個人參與多面向拓展文化交流補助申請案件審查結果,AwardPublish.jsp?__viewstate=KSQNMhhcbO2RoDJPt3cYqLns7souLV1nrn/dtTH8m/ixVtWuyGKjeUwfVEptyrGBLgdL2bN3txI=,文化部-文化交流司
2019/06/12,108年第2次補助辦理文化論壇補助名單,AwardPublish.jsp?__viewstate=KSQNMhhcbO0mN0f1UxGzzukxk84jl+8VeleDisGKEM+xVtWuyGKjeUwfVEptyrGBLgdL2bN3txI=,文化部-綜合規劃司
2019/06/11,107年花蓮縣吉安鄉東昌村阿美族里漏部落巫師祭儀保存維護計畫,AwardPublish.jsp?__viewstate=KSQNMhhcbO3Cy9JZxCHU9ZSCSJY5a+wE8Juq+AZBErmxVtWuyGKjeUwfVEptyrGBLgdL2bN3txI=,文化部文化資產局
2019/06/11,南關線三大廟王醮祭典調查研究計畫,AwardPublish.jsp?__viewstate=KSQNMhhcbO3Cy9JZxCHU9aWQ2DYdrnm8LlbxRcODRT6xVtWuyGKjeUwfVEptyrGBLgdL2bN3txI=,文化部文化資產局
2019/06/11,臺南市民俗類無形文化資產保存維護計畫,AwardPublish.jsp?__viewstate=KSQNMhhcbO3Cy9JZxCHU9aWQ2DYdrnm8yNlV7l0rHpSxVtWuyGKjeUwfVEptyrGBLgdL2bN3txI=,文化部文化資產局
2019/06/11,108年度第1梯次國產電影片國內創意行銷計畫補助獲選名單,AwardPublish.jsp?__viewstate=KSQNMhhcbO13KQacA6DqjcXgzykWy96IUMBObvquLy2xVtWuyGKjeUwfVEptyrGBLgdL2bN3txI=,文化部影視及流行音樂產業局-電影產業組
2019/06/11,107年民間團體申請文化資產保存修復及管理維護-產業文化資產再生計畫補助之審核結果,AwardPublish.jsp?__viewstate=KSQNMhhcbO3Cy9JZxCHU9QXRy2+y1uhl3btcjCX4x9+xVtWuyGKjeUwfVEptyrGBLgdL2bN3txI=,文化部文化資產局
2019/05/31,文化部108年第二期「視覺藝術產業辦理或參加國際藝術展會」補助案補助名單,AwardPublish.jsp?__viewstate=KSQNMhhcbO35AqJ6yKhBOcne0hQBrQP8UMBObvquLy2xVtWuyGKjeUwfVEptyrGBLgdL2bN3txI=,文化部-藝術發展司
2019/05/30,108年度「輔導電影產業數位升級」獲選名單,AwardPublish.jsp?__viewstate=KSQNMhhcbO2jINskeIU+D/KX6WoPPYtMrn/dtTH8m/ixVtWuyGKjeUwfVEptyrGBLgdL2bN3txI=,文化部影視及流行音樂產業局-電影產業組
2019/05/24,108年「流行音樂產業行銷推廣補助案」第一類獲補助名單,AwardPublish.jsp?__viewstate=KSQNMhhcbO2v1gJd7Q3l8QuVWab7Any3mdNC0Pv85r6xVtWuyGKjeUwfVEptyrGBLgdL2bN3txI=,文化部影視及流行音樂產業局-流行音樂產業組
2019/05/24,108年「流行音樂產業行銷推廣補助案」第二類獲補助名單,AwardPublish.jsp?__viewstate=KSQNMhhcbO2v1gJd7Q3l8QuVWab7Any3rn/dtTH8m/ixVtWuyGKjeUwfVEptyrGBLgdL2bN3txI=,文化部影視及流行音樂產業局-流行音樂產業組
2019/05/24,108年度電視業海外行銷補助案第3次評選小組會議獲補助名單,AwardPublish.jsp?__viewstate=KSQNMhhcbO1SVnaNE/Ihr/mxASz3XcxteleDisGKEM+xVtWuyGKjeUwfVEptyrGBLgdL2bN3txI=,文化部影視及流行音樂產業局-廣播電視產業組
2019/05/24,2019台灣工藝之家年度出版計畫-台灣工藝之巔專輯及台灣工藝之家年鑑規劃設計製作,AwardPublish.jsp?__viewstate=KSQNMhhcbO16VCftjupLAmQuNPjw03MK3btcjCX4x9+xVtWuyGKjeUwfVEptyrGBLgdL2bN3txI=,國立臺灣工藝研究發展中心
2019/05/18,108年度「文化創意產業創業圓夢計畫」通過決審名單,AwardPublish.jsp?__viewstate=KSQNMhhcbO2Q+YPhBuTWJvu0v2JA0LtAiWi8pTbkCD2xVtWuyGKjeUwfVEptyrGBLgdL2bN3txI=,文化部-文創發展司
2019/05/16,108年度文化部本土語言創作及應用補助名單,AwardPublish.jsp?__viewstate=KSQNMhhcbO26SqbSs4ZyPspTLUfq+dGW3btcjCX4x9+xVtWuyGKjeUwfVEptyrGBLgdL2bN3txI=,文化部-人文及出版司
2019/05/15,本部108年「補助文化團體及個人參與多面向拓展文化交流－視覺及表演藝術類」申請案第3次審查結果,AwardPublish.jsp?__viewstate=KSQNMhhcbO31EfwADLuPJXbQg1CPjDX7rn/dtTH8m/ixVtWuyGKjeUwfVEptyrGBLgdL2bN3txI=,文化部-藝術發展司
2019/05/13,「村村有藝文-藝術造鄉」活動推展計畫,AwardPublish.jsp?__viewstate=KSQNMhhcbO2h7+Ag4Wk+D8sJyd8qBLlBeleDisGKEM+xVtWuyGKjeUwfVEptyrGBLgdL2bN3txI=,國立彰化生活美學館
2019/05/13,108年度第4次文化團體及個人參與多面向拓展文化交流補助申請案件審查結果,AwardPublish.jsp?__viewstate=KSQNMhhcbO2RoDJPt3cYqEdmpZBt+TdDLlbxRcODRT6xVtWuyGKjeUwfVEptyrGBLgdL2bN3txI=,文化部-文化交流司
2019/05/13,2019社區及區域特色工藝扶植-農村微型工藝產業培力計畫,AwardPublish.jsp?__viewstate=KSQNMhhcbO16VCftjupLAsNUjUdy3ckLiWi8pTbkCD2xVtWuyGKjeUwfVEptyrGBLgdL2bN3txI=,國立臺灣工藝研究發展中心
2019/05/07,108年第1期海外書展獲補助名單,AwardPublish.jsp?__viewstate=KSQNMhhcbO0vyt4nLrcEltH+ontpSS0tUMBObvquLy2xVtWuyGKjeUwfVEptyrGBLgdL2bN3txI=,文化部-人文及出版司
2019/05/06,108年文化部補助直轄市及縣(市）政府推動地方影視音體驗及聚落發展計畫獲補助名單,AwardPublish.jsp?__viewstate=KSQNMhhcbO29w2rvqbrwENH+ontpSS0trn/dtTH8m/ixVtWuyGKjeUwfVEptyrGBLgdL2bN3txI=,文化部-影視及流行音樂發展司
2019/05/02,108年度文化部輔導核心創作及獨立工作者進駐文化創意聚落計畫補助名單,AwardPublish.jsp?__viewstate=KSQNMhhcbO29w2rvqbrwEJCukgJTqMgliWi8pTbkCD2xVtWuyGKjeUwfVEptyrGBLgdL2bN3txI=,文化部-文創發展司
2019/04/30,108年度電視業海外行銷補助案第2次評選小組會議獲補助名單,AwardPublish.jsp?__viewstate=KSQNMhhcbO1SVnaNE/Ihr/in+RDLSlM+U4gEFNUeFMixVtWuyGKjeUwfVEptyrGBLgdL2bN3txI=,文化部影視及流行音樂產業局-廣播電視產業組
2019/04/12,2019 台灣彭坤炎、日本赤堀郁彥當代漆藝交流展,AwardPublish.jsp?__viewstate=KSQNMhhcbO16VCftjupLAmQuNPjw03MKU4gEFNUeFMixVtWuyGKjeUwfVEptyrGBLgdL2bN3txI=,國立臺灣工藝研究發展中心
2019/04/02,108年補助辦理文化論壇補助名單,AwardPublish.jsp?__viewstate=KSQNMhhcbO0mN0f1UxGzzi7karLw3GJgUMBObvquLy2xVtWuyGKjeUwfVEptyrGBLgdL2bN3txI=,文化部-綜合規劃司
2019/04/01,108年獎勵民間團體辦理社會參與行動論壇-獲獎名單及審查委員名單,AwardPublish.jsp?__viewstate=KSQNMhhcbO1cuKu5FtOvaDBnH3qaaVB2yNlV7l0rHpSxVtWuyGKjeUwfVEptyrGBLgdL2bN3txI=,文化部-文化資源司
2019/04/01,本部108年「補助文化團體及個人參與多面向拓展文化交流－視覺及表演藝術類」申請案第2次審查結果,AwardPublish.jsp?__viewstate=KSQNMhhcbO31EfwADLuPJeJa3zxBBKDp8Juq+AZBErmxVtWuyGKjeUwfVEptyrGBLgdL2bN3txI=,文化部-藝術發展司
2019/03/26,107年「鼓勵赴國外參與流行音樂國際活動」第三梯次補助案獲補助名單及審查委員名單,AwardPublish.jsp?__viewstate=KSQNMhhcbO2efG5FkBONJBVxaEe0ppMBUMBObvquLy2xVtWuyGKjeUwfVEptyrGBLgdL2bN3txI=,文化部影視及流行音樂產業局-流行音樂產業組
2019/03/25,(108年)「文化部推動社區營造及村落文化補助案」-互助共好類獲補助名單及審查委員名單,AwardPublish.jsp?__viewstate=KSQNMhhcbO2h7+Ag4Wk+D8dvZBE2f/l4rn/dtTH8m/ixVtWuyGKjeUwfVEptyrGBLgdL2bN3txI=,國立臺東生活美學館
2019/03/20,108年「文化部推動社區營造及村落文化補助計畫」互助共好類獲補助名單及審查委員名單,AwardPublish.jsp?__viewstate=KSQNMhhcbO2TtwwiIE3IO6JSthqi6DLDLlbxRcODRT6xVtWuyGKjeUwfVEptyrGBLgdL2bN3txI=,國立新竹生活美學館
2019/03/18,(108年)「文化部推動社區營造及村落文化補助案」-互助共好類核定補助名單及審查委員名單,AwardPublish.jsp?__viewstate=KSQNMhhcbO1bbCkXTt7Ywma3kgEp2vSTeleDisGKEM+xVtWuyGKjeUwfVEptyrGBLgdL2bN3txI=,國立彰化生活美學館
2019/03/18,108年度「文化創意產業創業圓夢計畫」初審審查通過名單,AwardPublish.jsp?__viewstate=KSQNMhhcbO2Q+YPhBuTWJthjNdu0oV2eiWi8pTbkCD2xVtWuyGKjeUwfVEptyrGBLgdL2bN3txI=,文化部-文創發展司
2019/03/15,108年文化部推廣文化平權補助作業要點補助名單,AwardPublish.jsp?__viewstate=KSQNMhhcbO0haQfYTgrmPs6jpmGGvqEy8Juq+AZBErmxVtWuyGKjeUwfVEptyrGBLgdL2bN3txI=,文化部-綜合規劃司
2019/03/15,文化部108年度「補助文創事業國際參展」(第1梯次)補助名單,AwardPublish.jsp?__viewstate=KSQNMhhcbO2Q+YPhBuTWJuT8O+t87EsmiWi8pTbkCD2xVtWuyGKjeUwfVEptyrGBLgdL2bN3txI=,文化部-文創發展司
2019/03/14,108年度文化部推動社區營造及村落文化補助作業要點-互助共好類獲補助名單及評委名單,AwardPublish.jsp?__viewstate=KSQNMhhcbO2TtwwiIE3IO+PVs+Siji92U4gEFNUeFMixVtWuyGKjeUwfVEptyrGBLgdL2bN3txI=,國立臺南生活美學館
2019/03/13,108年度文化部推動社區營造及村落文化補助作業要點-自主參與類獲補助名單及評委名單,AwardPublish.jsp?__viewstate=KSQNMhhcbO2TtwwiIE3IO+PVs+Siji928Juq+AZBErmxVtWuyGKjeUwfVEptyrGBLgdL2bN3txI=,國立臺南生活美學館
2019/03/08,(108年)文化部推動社區營造及村落文化補助作業要點-自主參與類(上半年),AwardPublish.jsp?__viewstate=KSQNMhhcbO2h7+Ag4Wk+D/y6wh3hyA2IU4gEFNUeFMixVtWuyGKjeUwfVEptyrGBLgdL2bN3txI=,國立臺東生活美學館
2019/03/08,108年度文化部辦理臺灣與拉丁美洲交流合作補助要點申請案件審查結果,AwardPublish.jsp?__viewstate=KSQNMhhcbO12K1f3a/kygsTClPSAG6SmeleDisGKEM+xVtWuyGKjeUwfVEptyrGBLgdL2bN3txI=,文化部-文化交流司
2019/03/07,108年度電視業海外行銷補助案第1次評選小組會議獲補助名單,AwardPublish.jsp?__viewstate=KSQNMhhcbO1SVnaNE/Ihr5L5QzLzqBNDmdNC0Pv85r6xVtWuyGKjeUwfVEptyrGBLgdL2bN3txI=,文化部影視及流行音樂產業局-廣播電視產業組
2019/03/06,108年度第1梯次「電影人才培訓輔導要點」獲補助名單,AwardPublish.jsp?__viewstate=KSQNMhhcbO13KQacA6DqjcCXfNScrJGZyNlV7l0rHpSxVtWuyGKjeUwfVEptyrGBLgdL2bN3txI=,文化部影視及流行音樂產業局-電影產業組
2019/03/04,(108年)「文化部推動社區營造及村落文化補助案」-自主參與類上半年核定補助名單及審查委員名單,AwardPublish.jsp?__viewstate=KSQNMhhcbO1bbCkXTt7YwswysRlAV7WWUMBObvquLy2xVtWuyGKjeUwfVEptyrGBLgdL2bN3txI=,國立彰化生活美學館
2019/03/04,文化部辦理西亞及南亞地區與臺灣文化交流合作補助要點--108年度徵件獲補助名單公告,AwardPublish.jsp?__viewstate=KSQNMhhcbO35AqJ6yKhBOXptfKuTE/bsU4gEFNUeFMixVtWuyGKjeUwfVEptyrGBLgdL2bN3txI=,文化部-文化交流司
2019/02/26,補助入圍(選)或獲國內外重要影展獎項電影片之影視事業及導演製作下一部電影片補助金核定名單,AwardPublish.jsp?__viewstate=KSQNMhhcbO3rusRskFcXNQ/UBbXb0njj8Juq+AZBErmxVtWuyGKjeUwfVEptyrGBLgdL2bN3txI=,文化部影視及流行音樂產業局-電影產業組
2019/02/25,本部108年「補助文化團體及個人參與多面向拓展文化交流－視覺及表演藝術類」申請案第1次審查結果,AwardPublish.jsp?__viewstate=KSQNMhhcbO31EfwADLuPJWG3k+TUIaj4eleDisGKEM+xVtWuyGKjeUwfVEptyrGBLgdL2bN3txI=,文化部-藝術發展司
2019/02/23,108年「文化部推動社區營造及村落文化補助計畫」自主參與類第1次獲補助名單及審查委員名單,AwardPublish.jsp?__viewstate=KSQNMhhcbO2TtwwiIE3IO1hiNH4tlROwrn/dtTH8m/ixVtWuyGKjeUwfVEptyrGBLgdL2bN3txI=,國立新竹生活美學館
2019/02/20,108年度推動實體書店發展補助獲補助名單,AwardPublish.jsp?__viewstate=KSQNMhhcbO0haQfYTgrmPleGztUlM2GgeleDisGKEM+xVtWuyGKjeUwfVEptyrGBLgdL2bN3txI=,文化部-人文及出版司
2019/02/20,108年文化部推動國家文化記憶庫計畫核定補助名單(專案執行類第一批),AwardPublish.jsp?__viewstate=KSQNMhhcbO2lscU2i78WMbMHw5UenO36UMBObvquLy2xVtWuyGKjeUwfVEptyrGBLgdL2bN3txI=,文化部-文化資源司
2019/02/19,(107年)文化部促進民間提供適當空間供文化創意事業使用補助_補助名單,AwardPublish.jsp?__viewstate=KSQNMhhcbO2IAhA0Ccfz5d3rh3TUfT183btcjCX4x9+xVtWuyGKjeUwfVEptyrGBLgdL2bN3txI=,文化部-文創發展司
2019/01/24,文化部108年度「補助藝術村營運扶植計畫」補助名單,AwardPublish.jsp?__viewstate=KSQNMhhcbO35AqJ6yKhBOcNGQz1A5zRq8Juq+AZBErmxVtWuyGKjeUwfVEptyrGBLgdL2bN3txI=,文化部-藝術發展司
2019/01/23,108年表演藝術結合科技跨界創作補助名單,AwardPublish.jsp?__viewstate=KSQNMhhcbO0haQfYTgrmPnk7pNZQlUBkU4gEFNUeFMixVtWuyGKjeUwfVEptyrGBLgdL2bN3txI=,文化部-藝術發展司
2019/01/19,108年度文化部青年創作補助案審查通過名單,AwardPublish.jsp?__viewstate=KSQNMhhcbO01PeVCnZDcACWrma9PDwdNLlbxRcODRT6xVtWuyGKjeUwfVEptyrGBLgdL2bN3txI=,文化部-人文及出版司
2019/01/16,107年度「文化部推動臺北機廠轉型國家鐵道博物館補助計畫」獲補助名單,AwardPublish.jsp?__viewstate=KSQNMhhcbO2lscU2i78WMZb/VxFhA78I8Juq+AZBErmxVtWuyGKjeUwfVEptyrGBLgdL2bN3txI=,文化部-文化資源司
2019/01/15,國立傳統藝術中心108年度補助案審查通過名單,AwardPublish.jsp?__viewstate=KSQNMhhcbO2TtwwiIE3IO3YZXkmydy0WmdNC0Pv85r6xVtWuyGKjeUwfVEptyrGBLgdL2bN3txI=,國立傳統藝術中心
2019/01/11,108年度「文化部臺灣品牌團隊計畫」補助名單,AwardPublish.jsp?__viewstate=KSQNMhhcbO01PeVCnZDcAAuWHs4SbAzieleDisGKEM+xVtWuyGKjeUwfVEptyrGBLgdL2bN3txI=,文化部-藝術發展司
2019/01/10,文化部107年度時尚跨界活動補助案審查結果公告,AwardPublish.jsp?__viewstate=KSQNMhhcbO0mN0f1UxGzzh3ILtYzPzYAUMBObvquLy2xVtWuyGKjeUwfVEptyrGBLgdL2bN3txI=,文化部-文創發展司
2019/01/10,文化部108年「媒合演藝團隊進駐演藝場所合作計畫」補助名單,AwardPublish.jsp?__viewstate=KSQNMhhcbO01PeVCnZDcABl3GTIt1mvxyNlV7l0rHpSxVtWuyGKjeUwfVEptyrGBLgdL2bN3txI=,文化部-藝術發展司
2019/01/10,108年度「文化部推動臺北機廠轉型國家鐵道博物館補助計畫」上半年補助名單,AwardPublish.jsp?__viewstate=KSQNMhhcbO01PeVCnZDcAAaIBusnz20DiWi8pTbkCD2xVtWuyGKjeUwfVEptyrGBLgdL2bN3txI=,文化部-文化資源司
2019/01/08,107年「補助文化團體及個人參與多面向拓展文化交流－視覺及表演藝術類」申請案第7次審查結果,AwardPublish.jsp?__viewstate=KSQNMhhcbO0nfkBbndJW+TZVkxewRauoeleDisGKEM+xVtWuyGKjeUwfVEptyrGBLgdL2bN3txI=,文化部-藝術發展司
2019/01/04,文化部「108年東南亞人士來臺文化交流合作補助」徵件獲補助名單審查結果,AwardPublish.jsp?__viewstate=KSQNMhhcbO01PeVCnZDcAKKah1xjRrN/3btcjCX4x9+xVtWuyGKjeUwfVEptyrGBLgdL2bN3txI=,文化部-文化交流司
2019/01/03,107年「鼓勵赴國外參與流行音樂國際活動」第二梯次補助案獲補助名單及審查委員名單,AwardPublish.jsp?__viewstate=KSQNMhhcbO2efG5FkBONJBsjorUw4sMfiWi8pTbkCD2xVtWuyGKjeUwfVEptyrGBLgdL2bN3txI=,文化部影視及流行音樂產業局-流行音樂產業組
2019/01/02,107年度第2梯次國產電影長片輔導金獲選名單,AwardPublish.jsp?__viewstate=KSQNMhhcbO3rusRskFcXNWfR9tBdOcnUeleDisGKEM+xVtWuyGKjeUwfVEptyrGBLgdL2bN3txI=,文化部影視及流行音樂產業局-電影產業組
2019/01/02,108年度文化部推行語言多樣性友善環境補助名單,AwardPublish.jsp?__viewstate=KSQNMhhcbO2lscU2i78WMRsjorUw4sMfyNlV7l0rHpSxVtWuyGKjeUwfVEptyrGBLgdL2bN3txI=,文化部-人文及出版司
2018/12/17,「107年度資深演藝人員參與演出電視節目補助案」獲補助名單,AwardPublish.jsp?__viewstate=KSQNMhhcbO1coG0HdRgd5bo4diLBoIFbyNlV7l0rHpSxVtWuyGKjeUwfVEptyrGBLgdL2bN3txI=,文化部影視及流行音樂產業局-廣播電視產業組
2018/12/11,108年度表演藝術類獲補助名單公告,AwardPublish.jsp?__viewstate=KSQNMhhcbO2lscU2i78WMRFtk6DBq/GzU4gEFNUeFMixVtWuyGKjeUwfVEptyrGBLgdL2bN3txI=,文化部-藝術發展司
2018/12/11,107年度超高畫質電視節目製作補助獲補助名單(第二梯次),AwardPublish.jsp?__viewstate=KSQNMhhcbO2+9WzfPL6K6WH7pgfasSnaiWi8pTbkCD2xVtWuyGKjeUwfVEptyrGBLgdL2bN3txI=,文化部影視及流行音樂產業局-廣播電視產業組
2018/12/11,國立國父紀念館2018年外籍學生華語文演講比賽得獎名單公告,AwardPublish.jsp?__viewstate=KSQNMhhcbO2SxaWPB8WwyGH7pgfasSnamdNC0Pv85r6xVtWuyGKjeUwfVEptyrGBLgdL2bN3txI=,國立國父紀念館
2018/12/06,107年度金視獎得獎名單,AwardPublish.jsp?__viewstate=KSQNMhhcbO2KYmI5dI6sl1ERQXZmf7UmU4gEFNUeFMixVtWuyGKjeUwfVEptyrGBLgdL2bN3txI=,文化部影視及流行音樂產業局-廣播電視產業組
2018/12/04,107年度「國產電影片應用數位視覺特效製作獎助案」獲獎補助名單,AwardPublish.jsp?__viewstate=KSQNMhhcbO3rusRskFcXNQa+PxmNqD/BUMBObvquLy2xVtWuyGKjeUwfVEptyrGBLgdL2bN3txI=,文化部影視及流行音樂產業局-電影產業組
2018/12/04,107年第6次文化部補助辦理蒙藏學術文化及人道援助活動申請案件審查結果,AwardPublish.jsp?__viewstate=KSQNMhhcbO0bITxt0bjNA4V/wxHFV0kJyNlV7l0rHpSxVtWuyGKjeUwfVEptyrGBLgdL2bN3txI=,文化部-蒙藏文化中心
2018/12/03,107年度新媒體跨平臺創意影音節目製作補助名單(第二梯次),AwardPublish.jsp?__viewstate=KSQNMhhcbO1YXuS7OvNfuoPfIffHYAXL8Juq+AZBErmxVtWuyGKjeUwfVEptyrGBLgdL2bN3txI=,文化部影視及流行音樂產業局-廣播電視產業組
2018/11/29,107年度電視業海外行銷補助-參團藝人及劇組參加「2018新加坡亞洲電視論壇及內容交易市場展(ATF)」獲補助名單1,AwardPublish.jsp?__viewstate=KSQNMhhcbO1coG0HdRgd5Qa+PxmNqD/BLlbxRcODRT6xVtWuyGKjeUwfVEptyrGBLgdL2bN3txI=,文化部影視及流行音樂產業局-廣播電視產業組
2018/11/29,107年度電視業海外行銷補助-參團藝人及劇組參加「2018新加坡亞洲電視論壇及內容交易市場展(ATF)」獲補助名單2,AwardPublish.jsp?__viewstate=KSQNMhhcbO1coG0HdRgd5Qa+PxmNqD/BiWi8pTbkCD2xVtWuyGKjeUwfVEptyrGBLgdL2bN3txI=,文化部影視及流行音樂產業局-廣播電視產業組
2018/11/28,107年度國產電影片國內映演獎勵名單,AwardPublish.jsp?__viewstate=KSQNMhhcbO2KYmI5dI6sl+RcJ5i6lUc6eleDisGKEM+xVtWuyGKjeUwfVEptyrGBLgdL2bN3txI=,文化部影視及流行音樂產業局-電影產業組
2018/11/25,107年流行音樂新媒體應用節目製播計畫補助案(第二梯次)獲補助名單,AwardPublish.jsp?__viewstate=KSQNMhhcbO2+9WzfPL6K6SBP3Tn3vYetUMBObvquLy2xVtWuyGKjeUwfVEptyrGBLgdL2bN3txI=,文化部影視及流行音樂產業局-流行音樂產業組
2018/11/22,107年「補助文化團體及個人參與多面向拓展文化交流－視覺及表演藝術類」申請案第6次審查結果,AwardPublish.jsp?__viewstate=KSQNMhhcbO0nfkBbndJW+U7dWt9xEImLiWi8pTbkCD2xVtWuyGKjeUwfVEptyrGBLgdL2bN3txI=,文化部-藝術發展司
2018/11/19,107年度電視節目劇本創作獎得獎名單,AwardPublish.jsp?__viewstate=KSQNMhhcbO1coG0HdRgd5Q5u6PrLtA+wU4gEFNUeFMixVtWuyGKjeUwfVEptyrGBLgdL2bN3txI=,文化部影視及流行音樂產業局-廣播電視產業組
2018/11/12,107年度第二期「原創漫畫內容開發與跨業發展及行銷」獲補助名單,AwardPublish.jsp?__viewstate=KSQNMhhcbO0ziwmCVWUjg7Hrgj4uLJJ7mdNC0Pv85r6xVtWuyGKjeUwfVEptyrGBLgdL2bN3txI=,文化部-人文及出版司
2018/11/09,107年文化部推動國家文化記憶庫計畫核定補助名單(擴大建構類及專案執行類),AwardPublish.jsp?__viewstate=KSQNMhhcbO2lscU2i78WMfMwOdjQDid+rn/dtTH8m/ixVtWuyGKjeUwfVEptyrGBLgdL2bN3txI=,文化部-文化資源司
2018/11/08,107年度兒童電視節目製作補助獲補助名單,AwardPublish.jsp?__viewstate=KSQNMhhcbO1YXuS7OvNfurHrgj4uLJJ7eleDisGKEM+xVtWuyGKjeUwfVEptyrGBLgdL2bN3txI=,文化部影視及流行音樂產業局-廣播電視產業組
2018/11/07,107年度連續劇海外公開播送公開傳輸獎勵案,AwardPublish.jsp?__viewstate=KSQNMhhcbO1coG0HdRgd5cpdu9Cca1kcyNlV7l0rHpSxVtWuyGKjeUwfVEptyrGBLgdL2bN3txI=,文化部影視及流行音樂產業局-廣播電視產業組
2018/10/26,107年度第2梯次國產電影片國內創意行銷計畫補助獲選名單,AwardPublish.jsp?__viewstate=KSQNMhhcbO3rusRskFcXNVfMK0XFAivD8Juq+AZBErmxVtWuyGKjeUwfVEptyrGBLgdL2bN3txI=,文化部影視及流行音樂產業局-電影產業組
2018/10/23,107年度電影短片輔導金獲補助名單,AwardPublish.jsp?__viewstate=KSQNMhhcbO3rusRskFcXNYPsev7dhvAyyNlV7l0rHpSxVtWuyGKjeUwfVEptyrGBLgdL2bN3txI=,文化部影視及流行音樂產業局-電影產業組
2018/10/06,107年度廣播金鐘獎得獎名單及評審委員名單,AwardPublish.jsp?__viewstate=KSQNMhhcbO1coG0HdRgd5U+Gowze+FrIUMBObvquLy2xVtWuyGKjeUwfVEptyrGBLgdL2bN3txI=,文化部影視及流行音樂產業局-廣播電視產業組
2018/10/06,107年度電視金鐘獎得獎名單及評審委員名單,AwardPublish.jsp?__viewstate=KSQNMhhcbO1coG0HdRgd5W/oItn+IuZqU4gEFNUeFMixVtWuyGKjeUwfVEptyrGBLgdL2bN3txI=,文化部影視及流行音樂產業局-廣播電視產業組
2018/10/02,107年度綜藝節目製作補助獲補助名單,AwardPublish.jsp?__viewstate=KSQNMhhcbO1coG0HdRgd5Xy4HaegeVjTmdNC0Pv85r6xVtWuyGKjeUwfVEptyrGBLgdL2bN3txI=,文化部影視及流行音樂產業局-廣播電視產業組
2018/10/01,107年「補助文化團體及個人參與多面向拓展文化交流－視覺及表演藝術類」申請案第5次審查結果,AwardPublish.jsp?__viewstate=KSQNMhhcbO0nfkBbndJW+ZMsdKU9jIoS3btcjCX4x9+xVtWuyGKjeUwfVEptyrGBLgdL2bN3txI=,文化部-藝術發展司
2018/10/01,107年「鼓勵赴國外參與流行音樂國際活動」第一梯次補助案獲補助名單及審查委員名單,AwardPublish.jsp?__viewstate=KSQNMhhcbO2efG5FkBONJOPO+sTtTKYWyNlV7l0rHpSxVtWuyGKjeUwfVEptyrGBLgdL2bN3txI=,文化部影視及流行音樂產業局-流行音樂產業組
2018/09/27,107年第5次文化部補助辦理蒙藏學術文化及人道援助活動申請案件審查結果,AwardPublish.jsp?__viewstate=KSQNMhhcbO0bITxt0bjNA2IMmTfJIxJWeleDisGKEM+xVtWuyGKjeUwfVEptyrGBLgdL2bN3txI=,文化部-蒙藏文化中心
2018/09/18,107年度電視節目製作補助獲補助名單,AwardPublish.jsp?__viewstate=KSQNMhhcbO1coG0HdRgd5Q7rgUwrjnYWeleDisGKEM+xVtWuyGKjeUwfVEptyrGBLgdL2bN3txI=,文化部影視及流行音樂產業局-廣播電視產業組
2018/09/17,107年「文化部推動社區營造及村落文化補助作業要點」-自主參與類下半年核定補助名單及審查委員名單,AwardPublish.jsp?__viewstate=KSQNMhhcbO2lylm7t1Q2iJF4NQDqHyNFyNlV7l0rHpSxVtWuyGKjeUwfVEptyrGBLgdL2bN3txI=,國立彰化生活美學館
2018/09/17,107年電視節目翻譯字幕費及配音費補助案第二梯次獲補助名單,AwardPublish.jsp?__viewstate=KSQNMhhcbO1YXuS7OvNfupgoyYBURORlU4gEFNUeFMixVtWuyGKjeUwfVEptyrGBLgdL2bN3txI=,文化部影視及流行音樂產業局-廣播電視產業組
2018/09/12,107年度文化部推動社區營造及村落文化補助作業要點,AwardPublish.jsp?__viewstate=KSQNMhhcbO2lylm7t1Q2iI74rrk8bIXprn/dtTH8m/ixVtWuyGKjeUwfVEptyrGBLgdL2bN3txI=,國立臺東生活美學館
2018/09/07,107年流行音樂星品牌經紀國際發展計畫補助案獲補助名單,AwardPublish.jsp?__viewstate=KSQNMhhcbO1dwnXBb6DNwSO3HRkp5tHdU4gEFNUeFMixVtWuyGKjeUwfVEptyrGBLgdL2bN3txI=,文化部影視及流行音樂產業局-流行音樂產業組
2018/08/31,107年第4次文化部補助辦理蒙藏學術文化及人道援助活動申請案件審查結果,AwardPublish.jsp?__viewstate=KSQNMhhcbO0bITxt0bjNA6PFn1A5EbcrmdNC0Pv85r6xVtWuyGKjeUwfVEptyrGBLgdL2bN3txI=,文化部-蒙藏文化中心
2018/08/30,107年度文化部推動博物館與地方文化館發展計畫第二階段補助名單,AwardPublish.jsp?__viewstate=KSQNMhhcbO1KwTbtNRTlZQw3O0SqPIsarn/dtTH8m/ixVtWuyGKjeUwfVEptyrGBLgdL2bN3txI=,文化部-文化資源司
2018/08/29,107年度「原創漫畫內容開發與跨業發展及行銷」獲補助名單,AwardPublish.jsp?__viewstate=KSQNMhhcbO0ziwmCVWUjg53uvW+VNl8releDisGKEM+xVtWuyGKjeUwfVEptyrGBLgdL2bN3txI=,文化部-人文及出版司
2018/08/29,107年度電視劇本開發補助案獲補助名單,AwardPublish.jsp?__viewstate=KSQNMhhcbO1YXuS7OvNfuhLg/w83lzoyyNlV7l0rHpSxVtWuyGKjeUwfVEptyrGBLgdL2bN3txI=,文化部影視及流行音樂產業局-廣播電視產業組
2018/08/22,107年「流行音樂跨界內容合製補助案」獲補助名單,AwardPublish.jsp?__viewstate=KSQNMhhcbO2efG5FkBONJO9yxQgguYVoU4gEFNUeFMixVtWuyGKjeUwfVEptyrGBLgdL2bN3txI=,文化部影視及流行音樂產業局-流行音樂產業組
2018/08/17,107年度文化部推動社區營造及村落文化補助計畫【自主參與類第二梯次】補助名單,AwardPublish.jsp?__viewstate=KSQNMhhcbO2lylm7t1Q2iJ+DlhNtsjVl3btcjCX4x9+xVtWuyGKjeUwfVEptyrGBLgdL2bN3txI=,國立臺南生活美學館
2018/08/14,107 年「文化部推動社區營造及村落文化補助計畫」自主參與類第2次獲補助名單及審查委員名單,AwardPublish.jsp?__viewstate=KSQNMhhcbO3zVaZEUhqzi4fnLMWZPtYiiWi8pTbkCD2xVtWuyGKjeUwfVEptyrGBLgdL2bN3txI=,國立新竹生活美學館
2018/08/13,107年「流行音樂製作發行補助案-影視原創音樂歌曲類」獲補助名單,AwardPublish.jsp?__viewstate=KSQNMhhcbO1dwnXBb6DNwYWt8UBuKzXzyNlV7l0rHpSxVtWuyGKjeUwfVEptyrGBLgdL2bN3txI=,文化部影視及流行音樂產業局-流行音樂產業組
2018/08/08,107年「流行音樂製作發行補助案-創作樂團類」獲補助名單,AwardPublish.jsp?__viewstate=KSQNMhhcbO1dwnXBb6DNwXBQj0YRSlNxU4gEFNUeFMixVtWuyGKjeUwfVEptyrGBLgdL2bN3txI=,文化部影視及流行音樂產業局-流行音樂產業組
2018/08/07,107年度國產電影片劇本開發補助案獲選補助名單,AwardPublish.jsp?__viewstate=KSQNMhhcbO3rusRskFcXNVMxn8nNQ8ikrn/dtTH8m/ixVtWuyGKjeUwfVEptyrGBLgdL2bN3txI=,文化部影視及流行音樂產業局-電影產業組
2018/08/01,107年「補助文化團體及個人參與多面向拓展文化交流－視覺及表演藝術類」申請案第4次審查結果,AwardPublish.jsp?__viewstate=KSQNMhhcbO0nfkBbndJW+eMTMs+Z0AJDyNlV7l0rHpSxVtWuyGKjeUwfVEptyrGBLgdL2bN3txI=,文化部-藝術發展司
2018/07/31,107年電視節目翻譯字幕費及配音費補助案第一梯次獲補助名單,PointPublish.jsp?__viewstate=KSQNMhhcbO1YXuS7OvNfutO1RRAm6BevmdNC0Pv85r6xVtWuyGKjeUwfVEptyrGBLgdL2bN3txI=,文化部影視及流行音樂產業局-廣播電視產業組
2018/07/31,107年度第2梯次電影人才培訓輔導要點獲補助名單,PointPublish.jsp?__viewstate=KSQNMhhcbO3rusRskFcXNc+HX+DXuoeBrn/dtTH8m/ixVtWuyGKjeUwfVEptyrGBLgdL2bN3txI=,文化部影視及流行音樂產業局-電影產業組
2018/07/31,107年流行音樂新媒體應用節目製播計畫補助案(第一梯次)獲補助名單,AwardPublish.jsp?__viewstate=KSQNMhhcbO2+9WzfPL6K6Xy4HaegeVjTrn/dtTH8m/ixVtWuyGKjeUwfVEptyrGBLgdL2bN3txI=,文化部影視及流行音樂產業局-流行音樂產業組
2018/07/30,107年電視業海外行銷補助案第9次評選小組會議獲補助名單,PointPublish.jsp?__viewstate=KSQNMhhcbO1coG0HdRgd5U3Oz0CYVDVbiWi8pTbkCD2xVtWuyGKjeUwfVEptyrGBLgdL2bN3txI=,文化部影視及流行音樂產業局-廣播電視產業組
2018/07/29,107年度文化部推動博物館與地方文化館發展計畫第一階段補助名單,AwardPublish.jsp?__viewstate=KSQNMhhcbO1KwTbtNRTlZfYEvsQJHq9bUMBObvquLy2xVtWuyGKjeUwfVEptyrGBLgdL2bN3txI=,文化部-文化資源司
2018/07/27,107年「流行音樂製作發行補助案-企製升級類」獲補助名單,AwardPublish.jsp?__viewstate=KSQNMhhcbO1dwnXBb6DNwYWt8UBuKzXzLlbxRcODRT6xVtWuyGKjeUwfVEptyrGBLgdL2bN3txI=,文化部影視及流行音樂產業局-流行音樂產業組
2018/07/25,107年度第1梯次國產電影長片輔導金獲選名單,PointPublish.jsp?__viewstate=KSQNMhhcbO3rusRskFcXNQFG8L78YNCELlbxRcODRT6xVtWuyGKjeUwfVEptyrGBLgdL2bN3txI=,文化部影視及流行音樂產業局-電影產業組
2018/07/24,107年「流行音樂人才培訓補助案」獲補助名單,PointPublish.jsp?__viewstate=KSQNMhhcbO2+9WzfPL6K6ZbENWBUf/A8U4gEFNUeFMixVtWuyGKjeUwfVEptyrGBLgdL2bN3txI=,文化部影視及流行音樂產業局-流行音樂產業組
2018/07/23,107年第3次文化部補助辦理蒙藏學術文化及人道援助活動申請案件審查結果,PointPublish.jsp?__viewstate=KSQNMhhcbO0bITxt0bjNAyGHG26tpFtzUMBObvquLy2xVtWuyGKjeUwfVEptyrGBLgdL2bN3txI=,文化部-蒙藏文化中心
2018/07/23,107年「流行音樂產業行銷推廣補助案-第一類」獲補助名單,PointPublish.jsp?__viewstate=KSQNMhhcbO2+9WzfPL6K6VKqPS1OtT2b3btcjCX4x9+xVtWuyGKjeUwfVEptyrGBLgdL2bN3txI=,文化部影視及流行音樂產業局-流行音樂產業組
2018/07/20,107年「流行音樂產業行銷推廣補助案-第二類」獲補助名單,PointPublish.jsp?__viewstate=KSQNMhhcbO2+9WzfPL6K6VKqPS1OtT2brn/dtTH8m/ixVtWuyGKjeUwfVEptyrGBLgdL2bN3txI=,文化部影視及流行音樂產業局-流行音樂產業組
2018/07/20,107年第1次及第2次文化部補助辦理蒙藏學術文化及人道援助活動申請案件審查結果表,PointPublish.jsp?__viewstate=KSQNMhhcbO0bITxt0bjNAyGHG26tpFtz8Juq+AZBErmxVtWuyGKjeUwfVEptyrGBLgdL2bN3txI=,文化部-蒙藏文化中心
2018/07/18,107年度第7次文化團體及個人參與多面向拓展文化交流補助申請案件審查結果一覽表,PointPublish.jsp?__viewstate=KSQNMhhcbO1KwTbtNRTlZfc4u7jLCzY6mdNC0Pv85r6xVtWuyGKjeUwfVEptyrGBLgdL2bN3txI=,文化部-文化交流司
2018/07/12,107年度紀錄片製作補助獲補助名單,PointPublish.jsp?__viewstate=KSQNMhhcbO2KYmI5dI6sl1oYNqNoqPVCUMBObvquLy2xVtWuyGKjeUwfVEptyrGBLgdL2bN3txI=,文化部影視及流行音樂產業局-廣播電視產業組
2018/07/12,107年度新媒體跨平臺創意影音節目製作補助獲補助名單,PointPublish.jsp?__viewstate=KSQNMhhcbO1YXuS7OvNfupC8vE0gNN5O3btcjCX4x9+xVtWuyGKjeUwfVEptyrGBLgdL2bN3txI=,文化部影視及流行音樂產業局-廣播電視產業組
