id,value
基隆美術館,104126000
高雄市立美術館,101750000
駁二藝術特區,94250000
財團法人雲門文化藝術基金會,78900000
新北市立鶯歌陶瓷博物館,70807000
過癮科技有限公司,65992850
馬祖民俗文物館,62100000
牽猴子整合行銷股份有限公司,60376784
宜蘭縣立蘭陽博物館,58210000
百聿數碼創意股份有限公司,57850191
壹壹影業股份有限公司,54890000
財團法人蔣見美教授文教基金會,53640000
鄭成功文物館,53300000
影一製作所股份有限公司,53255000
馬克吐溫國際影像有限公司,53090200
三立電視股份有限公司,52461740
奇幻娛樂國際股份有限公司,49700000
臺灣電視事業股份有限公司,48336100
群之噰傳播有限公司,45900000
拙八郎創意執行股份有限公司,45480000
三義木雕博物館,45230000
華映娛樂股份有限公司,44305919
華文創股份有限公司,41960000
澎湖縣政府文化局,40100000
天予電影有限公司,39200000
拙八郎創意執行有限公司,38000000
瀚草影視文化事業股份有限公司,38000000
華影國際影藝有限公司,37380000
逆光電影股份有限公司,37000000
臺南左鎮化石園區,36700000
財團法人擊樂文教基金會,36050000
鹿路電影有限公司,35950000
原子映象有限公司,35800000
犢影制作電影有限公司,35230000
欣湉國際有限公司,35000000
嘉揚電影有限公司,34975000
映畫傳播事業股份有限公司,34826000
三樂電影製作有限公司,34200000
甜蜜生活製作有限公司,33600000
豐采節目製作股份有限公司,33000000
紙風車劇團,32000000
財團法人優人文化藝術基金會,32000000
瀚草文創事業股份有限公司,31315000
高雄市立歷史博物館,31050000
時創影業股份有限公司,31000000
嘉義縣表演藝術中心,30900000
本地風光電影股份有限公司,29600000
夢田影像股份有限公司,29380000
朱銘美術館,28990000
風起娛樂有限公司,28800000
視納華仁文化傳播股份有限公司,27205000
量子娛樂製作股份有限公司,27000000
行政法人高雄市立歷史博物館,27000000
兔子創意股份有限公司,25853400
世界宗教博物館,25780000
嘉義市立博物館,25500000
農人影視製作有限公司,25000000
杰德創意影音管理股份有限公司,24780750
麻吉砥加電影有限公司,24213732
興揚電影有限公司,24200000
民間全民電視股份有限公司,23606000
積木影像製作有限公司,23500000
伸鋐國際事業有限公司,23000000
國立臺南藝術大學,22740000
冉色斯動畫股份有限公司,22370000
金禾創意股份有限公司,22300000
明華園戲劇團,22000000
絡思本娛樂製作有限公司,22000000
三鳳有限公司,22000000
貴金影業傳媒股份有限公司,21750000
宜蘭縣史館,20280000
奇想事企業有限公司,20200000
維特人股份有限公司,20100000
酷斯本媒體製作股份有限公司,20000000
十全媒體娛樂行銷股份有限公司,20000000
豐采文創有限公司,20000000
聯鑫行銷股份有限公司,20000000
奇蹟映畫所有限公司,20000000
鏡文創股份有限公司,20000000
百戲電影製作有限公司,19870000
梅嶺美術館,19600000
唐美雲歌仔戲團,19500000
臺南市政府文化局,19336900
雲林縣政府,19300000
一顆星工作室有限公司,19100000
嘉義市立美術館,18850000
滾石國際音樂股份有限公司,18592922
新世紀南向開發有限公司,18550000
趣放娛樂股份有限公司,18000000
長龢有限公司,17950000
臺灣民俗文物館,17900000
宜蘭縣政府,17840000
內容物數位電影製作有限公司,17620000
文達文創股份有限公司,17500000
新北市立十三行博物館,17459000
砌禾數位動畫股份有限公司,17340000
原金國際有限公司,17270000
車庫娛樂股份有限公司,17107931
我在影像製作有限公司,17000000
青睞影視製作股份有限公司,17000000
幸運火花創意有限公司,17000000
幸福路映畫社有限公司,16799972
打字人創意有限公司,16600000
夢想創造股份有限公司,16570835
松露文化創意有限公司,16165000
十三月股份有限公司,16050000
草舍文化股份有限公司,16000000
大慕影藝國際事業股份有限公司,16000000
動能意像製作有限公司,16000000
想飛的魚電影製作有限公司,16000000
南方澳討海文化館/蘭陽博物館,15500000
金盞花大影業股份有限公司,15300000
岸上影像有限公司,15190000
湠臺灣電影股份有限公司,15000000
劇龍製作有限公司,15000000
草舍文化有限公司,15000000
良人行影業有限公司/延平影業有限公司,15000000
大川大立數位影音股份有限公司,15000000
列夫特文化有限公司,15000000
好好看文創有限公司,14999965
百景映畫有限公司,14950000
良人行影業有限公司,14926762
簡單主張影音製作有限公司,14800000
阿洛無限有限公司,14800000
雲林故事館,14800000
友松娛樂股份有限公司,14700000
高雄市電影館,14600000
高雄市政府文化局,14500000
嘉義市政府,14390000
臺南市政府,14216000
南人電影有限公司,14200000
桃園市立大溪木藝生態博物館,14100000
臺東美術館,14059000
威視股份有限公司,13999882
有余企劃製作有限公司,13980000
海鵬影業有限公司,13854000
那瑪夏原住民文物館,13840000
力揚電影有限公司,13800000
水花電影股份有限公司,13600000
星泰國際娛樂股份有限公司,13553929
紅色製作有限公司,13500000
童年漫畫股份有限公司,13500000
影一製作所股份有限公司、牽猴子股份有限公司,13500000
用心音樂國際有限公司,13500000
隨身遊戲股份有限公司,13500000
小花電影有限公司,13448000
紅衣小女孩股份有限公司,13400000
臺中市纖維工藝博物館,13250000
大逆光影音製作有限公司,13100000
新竹市眷村博物館,13100000
三視多媒體網路股份有限公司,13050000
南瀛科學教育館,13000000
瑠公圳文創事業股份有限公司,13000000
赤兔影像製作有限公司/畢業生有限公司,13000000
行者影像文化有限公司,13000000
花蓮縣政府,12950000
蓋亞文化有限公司,12950000
社團法人中華民國畫廊協會,12800000
中影股份有限公司,12500000
兔將創意影業股份有限公司,12415000
八大電視股份有限公司,12300000
邊境映象藝文有限公司,12050000
興揚電影有限公司、溫柔鄉電影有限公司,12000000
華映娛樂股份限公司,12000000
蕭?兒童美術館,12000000
寬銀慕電影製作有限公司,12000000
精漢堂影像有限公司,12000000
抓馬文化股份有限公司,12000000
小公園映畫有限公司,12000000
野火娛樂製作有限公司,12000000
妍夏國際有限公司,12000000
威像電影有限公司,12000000
東立出版社有限公司,11960000
氧氣電影有限公司,11950000
新北市坪林茶業博物館,11700000
屏東縣政府文化處,11620000
國立臺北藝術大學,11616000
泛科知識股份有限公司,11477743
合為貴有限公司,11380000
寓言工作室,11300000
新北市政府,11247500
有限責任台灣友善書業供給合作社,11040000
品蓮觀真電影股份有限公司,11000000
嬉釀電影有限公司,11000000
晴天影像股份有限公司,11000000
臺中市政府,10900000
罡風創意映像有限公司,10788750
若谷股份有限公司,10700000
有享娛樂股份有限公司,10670000
樂到家國際娛樂股份有限公司,10650000
紀州庵文學森林,10515000
高雄市政府,10507500
新北市立黃金博物館,10490000
頑影映像有限公司,10485000
合作藝文有限公司,10450000
臺東縣政府,10415000
台北之家,10400000
臺南市南?科學教育館,10300000
迪化二０七博物館,10250000
陽明海洋文化藝術館,10250000
新竹市消防博物館,10200000
蔓菲聯爾創意製作有限公司,10200000
果核有限公司,10131040
國立臺灣大學,10081749
映象帝國股份有限公司,10000000
飛爾創意有限公司(原公司名:蔓非聯爾創意製作有限公司),10000000
溫柔鄉電影有限公司,10000000
當若科技藝術股份有限公司,10000000
上作娛樂有限公司,10000000
左撇子女孩電影製作有限公司,10000000
霹靂國際多媒體股份有限公司,10000000
原典國際影視製作有限公司,10000000
地頭影業股份有限公司,10000000
左外野國際影視有限公司,10000000
河岸留言音樂製造有限公司,9965654
超維度互動股份有限公司,9950000
財團法人義美環境保護基金會,9900000
國立臺灣師範大學,9850000
阿榮影業股份有限公司,9700000
天地多媒體國際有限公司,9620000
火氣音樂股份有限公司,9593000
鍾肇政文學生活園區,9560000
魚禾草影像有限公司,9500000
花蓮縣石雕博物館,9500000
金門文化園區,9500000
好勁影業有限公司,9400000
阿嬤家-和平與女性人權館,9395000
星桁影業有限公司,9340000
憲光二村,9260000
好看娛樂製作股份有限公司,9200000
菜寮化石園館,9000000
禾豐九路娛樂有限公司,9000000
瑪爾克電影有限公司,9000000
金光多媒體國際有限公司,9000000
李梅樹紀念館,8980000
大厝地影像製作有限公司,8950000
南臺學校財團法人南臺科技大學,8900000
桃園市原住民族文化會館,8900000
財團法人台北市文化基金會藝術村營運部,8900000
盛青陽娛樂製作股份有限公司,8800000
新北市政府文化局,8777000
桃園市政府,8760000
城邦文化事業股份有限公司,8730000
中華文化總會,8700000
親子天下股份有限公司,8612000
黃翊工作室,8607020
花蓮縣文化局,8600000
新竹市黑蝙蝠中隊文物陳列館,8600000
顏社企業有限公司,8600000
南投縣文學資料館,8600000
雲林布袋戲館,8580000
雪人有限公司,8500000
特勤國際股份有限公司,8500000
新竹市政府,8500000
文藝資料研究及服務中心,8400000
110年臺東縣地方影視音體驗及聚落發展計畫,8360000
放假影像有限公司,8300000
三川娛樂有限公司,8257000
林獻堂文物館,8200000
臺灣各種吧股份有限公司,8192000
芝山文化生態綠園,8100000
綺影映畫有限公司,8090000
海鵬影業有限公司、東橫一有限公司,8000000
主磐叙社有限公司,8000000
禾力文創有限公司,8000000
霹靂國際多媒體股份有限公司 ,8000000
華風數位股份有限公司,8000000
星空飛騰國際娛樂有限公司,8000000
廖文和國際多媒體有限公司,8000000
奇葩娛樂事業有限公司,8000000
聯聯看演藝經紀股份有限公司,8000000
天暢國際股份有限公司,8000000
風尚國際文化傳媒股份有限公司,8000000
天際娛樂股份有限公司,8000000
艾克斯娛樂股份有限公司,8000000
我們之間影像製作有限公司,7900000
東風沐電影工作室,7850000
鏡文學股份有限公司,7840000
高雄文學館,7750000
台北双喜電影發行股份有限公司,7749925
社團法人台灣視覺藝術協會,7700000
花蓮影視基地擴展計劃,7698600
新竹市文化局,7672000
當代傳奇劇場,7650000
春暉映像有限公司,7632992
大辣出版股份有限公司,7600000
紅毛港文化園區,7600000
羊王映式有限公司,7570000
宜蘭縣文化局,7500000
樂群動畫製作股份有限公司,7500000
西螺延平老街文化館,7500000
風潮音樂國際股份有限公司,7491338
再現影像製作股份有限公司,7422225
南澳鄉泰雅文物館,7400000
人人有功練音樂工作室,7349064
竹圍工作室,7291000
哈瑪星台灣鐵道館,7250000
財團法人李梅樹文教基金會,7250000
下半場電影股份有限公司,7249979
臺南市文化局,7200000
內容力有限公司,7179000
碧歐司文化創意顧問股份有限公司,7150000
大腕影像股份有限公司,7120000
我宅有限公司,7100000
國家廣播文物館,7057000
活水文化事業有限公司,7053000
  南方影音雄精彩─影視音體驗推廣計畫,7023100
拾影像文化有限公司,7000000
桃園市文化局,7000000
幻想曲數位內容有限公司,7000000
雙銓製作有限公司,7000000
澎湖生活博物館,7000000
彰化縣文化局,6920000
高雄市勞工博物館,6920000
新北市文化局,6900000
后花園數位影像製作有限公司,6900000
用力拍電影有限公司,6830000
玻璃工藝博物館,6800000
鳳甲美術館,6800000
國立清華大學,6800000
柯旗化故居,6800000
苗栗縣陶瓷博物館,6800000
屏東縣原住民文化會館,6700000
安樂茂思國際事業有限公司,6650000
灰魚影像製作有限公司,6600000
金門縣文化局,6600000
國立海洋科技博物館,6600000
臺北市文化局,6500000
双融藝股份有限公司,6480000
臺中文學館,6400000
台灣音樂文化國際交流協會,6400000
米大創意有限公司,6386700
派譜有限公司,6370000
長鴻出版社股份有限公司,6350000
好哦工作室,6329100
青文出版社股份有限公司,6300000
浮現音樂藝文有限公司,6278000
舞鈴劇場,6200000
臺中市文化局,6200000
頑石國際有限公司,6120000
吳濁流藝文館,6050000
怡佳娛樂經紀股份有限公司,6000000
國立臺灣科學教育館,6000000
央廣鹿港分台宿舍群,6000000
寒山拾得有限公司,6000000
華山站股份有限公司,6000000
時磨映象股份有限公司,6000000
幸福本色國際文創股份有限公司,6000000
底噪影像有限公司,6000000
滿滿額娛樂股份有限公司,5900188
台灣藝術史研究學會,5880000
基隆市文化局,5800000
行?記念館,5800000
嘉義市文化局,5800000
屏東戲曲故事館,5800000
影像博物館,5800000
衣卡股份有限公司,5700000
曉劇場,5700000
任意門娛樂股份有限公司,5700000
社團法人臺灣電視劇製作產業聯合總會,5700000
屏東美術館,5650000
社團法人花蓮縣牛犁社區交流協會,5645000
源古本舖,5640000
台灣文化啟蒙運動 高雄紀念音樂會,5600000
潮州日式歷史建築文化園區,5600000
角頭文化事業股份有限公司,5600000
虎夫音創工作室,5600000
新竹市美術館,5600000
國立成功大學博物館,5597000
烏來泰雅民族博物館,5560000
好日文化有限公司,5515538
世界柔軟數位影像文化有限公司,5500000
國立臺北教育大學北師美術館,5500000
愛迪斯科技股份有限公司,5490000
龜山眷村故事館,5462000
科文双融投資顧問股份有限公司,5410662
輔仁大學學校財團法人輔仁大學,5410200
銀翼文創有限公司,5404000
連江縣文化處,5400000
新光影城股份有限公司,5400000
中原大學,5400000
尼可樂表演藝術有限公司,5360800
老戲院•新舞台,5355000
恆春民謠館,5350000
臺南家具產業博物館,5332000
小林平埔族群文物館,5300000
安娜琪舞蹈劇場,5300000
新竹縣文化局,5300000
洲南鹽場,5300000
蕭?文化園區,5300000
後場音像紀錄工作室有限公司,5290000
派樂黛唱片有限公司,5275000
威秀影城股份有限公司,5230000
深靛感官創意有限公司,5200000
雲林縣政府文化處,5200000
國立臺北藝術大學關渡美術館,5200000
香港商甲上娛樂有限公司台灣分公司,5150716
腦漿娛樂製作有限公司,5150000
屏東縣政府,5150000
小白兔橘子有限公司,5110868
再見捌捌陸-臺灣眷村文化園區,5100000
二結穀倉稻農文化館,5100000
橋仔頭白屋股份有限公司,5060000
相信音樂國際股份有限公司,5052000
新平溪煤礦博物園區,5050000
麥加芬電影製作有限公司,5050000
臺北表演藝術中心,5000000
臺中市政府文化局,5000000
台灣葡萄子傳媒科技股份有限公司,5000000
瑞穗鄉奇美原住民文物館,5000000
苗栗縣文化局,5000000
一氣有限公司,5000000
犢影製作電影有限公司、馬棋朵數位影像製作有限公司,5000000
魔力時代傳媒股份有限公司,5000000
嘉義縣文化局,5000000
臺南市菜寮化石館,5000000
吾聚影像股份有限公司,5000000
這虎音樂工作室,5000000
臺東縣文化處,5000000
前景娛樂有限公司、華影國際影藝有限公司,5000000
大霹靂國際整合行銷股份有限公司,5000000
岸上影像有限公司、內容物數位電影製作有限公司,5000000
桃園市客家文化館園區,5000000
鴻奇文化事業有限公司,4996000
花漫社文化事業工作室,4993738
角子影音製作有限公司,4956000
聯合數位文創股份有限公司、睿至股份有限公司(聯合提案),4954520
滿州民謠館,4950000
屏東縣獅子鄉文物陳列館,4950000
虛擬農場有限公司,4934300
印刻文學生活雜誌出版股份有限公司,4920000
踢歐哎哎有限公司,4906500
阿緱地方文化館,4900000
畢業生有限公司,4850000
馬祖新村眷村文創園區,4840000
賴和紀念館,4830000
水谷藝術,4800000
好旅文創有限公司,4800000
黃金蝙蝠生態館,4790000
歐可立克企業有限公司,4775000
大畫電影文化股份有限公司,4721710
文訊雜誌社,4720000
國立臺灣科技大學,4702000
總爺生態博物館,4700000
國立成功大學,4675000
黃薇國際創意設計有限公司,4670000
完美聲音有限公司,4650000
屏東縣來義鄉原住民文物館,4650000
新港閱讀館,4650000
小島大歌影音工作室,4618826
行人股份有限公司,4610000
舊打狗驛故事館,4600000
?吧哖事件紀念園區,4600000
慢工文化事業有限公司,4594000
臺北市政府文化局,4590000
旗津戰爭與和平紀念公園主題館,4540000
超維度互動,4500000
華麗邏輯有限公司,4500000
斯爾夫股份有限公司,4500000
英傑哆股份有限公司,4500000
海口味有限公司,4415000
國立政治大學,4400000
國立宜蘭大學,4400000
嘉義市影視協拍營運基地計畫,4385150
前景娛樂有限公司,4380000
北港文化中心,4320000
創銘實業股份有限公司,4310000
緒虎製作有限公司,4300000
雲林縣政府文化觀光處,4280000
台北偶戲館,4250000
木田工場有限公司,4245000
金星娛樂事業股份有限公司,4200000
光點吉樹有限公司,4200000
新北市立淡水古蹟博物館,4200000
偶數創意工作室,4200000
多利曼股份有限公司,4175000
中平路故事館,4160000
海端鄉布農族文化館,4150000
臺南市美術館,4140000
國立屏東大學,4100000
財團法人台北市文化基金會,4100000
順益台灣原住民博物館,4030000
飛銳奇創意影音娛樂股份有限公司,4000000
嘉義縣文化觀光局,4000000
皮諾丘電影事業有限公司,4000000
國賓影城股份有限公司八德分公司,4000000
澎湖縣文化局,4000000
永安藝文館,4000000
麵包情人電影有限公司,4000000
桃園市政府文化局,4000000
鈊象電子股份有限公司,4000000
再現影像製作有限公司,4000000
英屬蓋曼群島商威望國際娛樂股份有限公司台灣分公司,3999974
美食加股份有限公司,3995460
蒂摩爾古薪舞集,3968548
全國關懷科技協會,3900917
中華民國廣播電視節目製作商業同業公會,3900000
湯與海音樂有限公司,3875000
財團法人吳三連台灣史料基金會,3867000
朴通！好戲登場,3825000
國立暨南國際大學,3810000
利澤國際文化有限公司,3800000
桃園忠烈祠暨神社文化園區,3800000
連江縣政府,3750000
基隆市政府,3740000
綠野仙蹤電影特效有限公司,3715000
海樂影業股份有限公司,3707968
屏東文學館,3700000
新竹縣政府文化局,3690000
亞洲衛星電視股份有限公司,3650000
風車圖書出版有限公司,3627000
東隆宮文化中心,3625000
南投縣文化局,3600000
昌黎殿,3600000
紅花鐵馬映像所有限公司,3600000
台灣碗盤博物館,3600000
我們工作室有限公司,3600000
街聲股份有限公司,3600000
犢影制作電影有限公司 ,3599983
鍾理和紀念館,3530000
牡蠣音樂有限公司,3500000
大地風有限公司,3500000
財團法人臺灣設計研究院,3500000
動脈音樂文化傳播有限公司,3500000
郭常喜兵器藝術文物館,3500000
超展開音樂股份有限公司,3500000
財團法人陳澄波文化基金會,3500000
新港香藝文化館,3480000
澎湖海洋資源館,3460000
許世賢博士紀念館,3450000
大禾音樂製作有限公司,3450000
輔仁大學,3450000
嘉義市史蹟資料館,3450000
三十而立有限公司,3450000
台灣戲劇館,3410000
山畝音樂文化工作室,3400000
蘆洲李宅,3400000
火玄火包股份有限公司,3400000
臺中市中正紀念館,3400000
財團法人台灣文學發展基金會,3370000
集集地方文化館,3360000
國立彰化師範大學,3360000
苗栗縣政府文化觀光局,3320000
下港男兒工作室,3305687
錚李服裝設計有限公司,3301750
大吉祥整合行銷有限公司,3300000
黑馬映像電影有限公司,3300000
詔安客家文化館,3300000
黑糖媒體創意有限公司,3300000
財團法人水源地文教基金會,3290000
卡達德邦文化工作室,3280000
社團法人台北市視障者家長協會,3260000
新港文化館‧25號倉庫,3250000
史多禮股份有限公司,3226000
大抓周計畫教育協會,3200000
財團法人中華民俗藝術基金會,3200000
社團法人台灣歷史資源經理學會,3200000
花蓮縣台灣原住民族文物館,3200000
財團法人中央通訊社,3200000
大溥影音製作有限公司,3200000
台北市電影戲劇業職業工會,3200000
蔚藍體驗工作室,3200000
黑蝙蝠中隊文物陳列館,3200000
宜蘭縣大同鄉泰雅生活館,3200000
夏日紀事音像文化有限公司,3200000
白米木屐館,3200000
希格整合行銷有限公司,3181400
想映電影有限公司,3180000
沸騰了映像有限公司,3170000
嚴選娛樂電影製作有限公司,3150000
山下民謠有限公司,3125000
瑞而思動畫有限公司,3116400
吳蓓雅工作室有限公司,3106000
新竹市影像博物館,3100000
大賞門文化傳播有限公司,3100000
廠廠創意股份有限公司,3100000
洗耳恭聽股份有限公司,3070600
角川國際動漫股份有限公司,3050000
大大樹音樂圖像有限公司,3050000
四方文創股份有限公司,3050000
宏達數位影業有限公司,3040000
事事設計有限公司,3030000
國立雲林科技大學,3020000
煙囪文化創意有限公司,3010000
利達數位影音科技股份有限公司,3010000
老湖口天主堂,3000000
金門縣文化園區金門歷史民俗博物館,3000000
110年新竹市「風livehouse」影視音體驗計畫,3000000
物子巡演工作室,3000000
伯樂影業股份有限公司,3000000
黃明川電影視訊有限公司,3000000
吉人影像有限公司,3000000
社團法人台灣現代建築學會,3000000
鳳儀書院,3000000
南瓜電影有限公司,3000000
旋轉犀牛原創設計工作室,3000000
河岸留言音樂咖啡屋,3000000
狠劇場,3000000
狠主流多媒體有限公司,3000000
路野生態影像有限公司,3000000
沾沾喜氣文化有限公司,3000000
波乘有限公司,3000000
新禧未來音樂股份有限公司,3000000
一晌電影有限公司,2999994
桃園孔廟,2993000
蜂鳥影像有限公司,2980000
雄本老屋規劃有限公司,2980000
無米樂影像工作室有限公司,2954700
目宿媒體股份有限公司,2950000
大苑藝術會展有限公司,2950000
臺中市美術家資料館,2950000
社團法人台灣新移民協會,2940000
鏡象電影製作有限公司,2915000
遠足文化事業股份有限公司,2900000
新竹市玻璃工藝博物館,2900000
嘉義縣政府,2900000
南投縣史館,2900000
典選音樂事業股份有限公司,2900000
國立中正大學,2900000
深活共構有限公司,2900000
大溪木藝生態博物館,2900000
臺中市南屯?頭店生活館,2900000
好威映象有限公司,2899996
埔里地方文化館,2880000
開拓動漫事業有限公司,2872000
台灣藝文空間連線TASA協會,2870000
台東表演藝術館,2850000
弄像傳媒服務有限公司,2800000
臺東縣海端鄉布農族文化館,2800000
 童年漫畫股份有限公司,2800000
飛凌五分之六製作有限公司,2800000
梅仔坑藝文推廣促進會,2800000
牽猴子股份有限公司,2800000
楊英風美術館,2800000
蘆洲李宅古蹟李友邦將軍紀念館,2800000
班馬傳媒股份有限公司,2800000
威德文化有限公司,2800000
瘋戲樂工作室,2761400
祥太文化館,2750000
樹谷生活科學館,2750000
許哲瑜藝術工作室,2745500
臺北爵士大樂隊,2700000
摩登星球影業有限公司,2700000
英雄旅程股份有限公司,2700000
國立臺北教育大學,2700000
澎湖縣政府,2700000
環音有限公司,2700000
七日印象電影有限公司,2699997
這哪位音樂工作室,2666000
二林蔗農事件紀念館,2660000
方信凱,2650000
釀作映畫有限公司,2650000
尊彩國際藝術有限公司,2650000
漢霖民俗說唱藝術團,2644100
國立臺北科技大學,2642000
界面影像有限公司,2628000
得樂音樂整合工作室,2600000
台灣生命與法律美學推廣協會,2600000
東臺傳播股份有限公司,2600000
豐原漆藝館,2600000
屏東縣鄉土藝術館,2600000
張學良故居,2590000
連想有限公司,2580000
聚場文化有限公司,2580000
社團法人台灣視覺希望協會,2580000
太極影音科技股份有限公司,2574200
嘉義市政府文化局,2560000
鹿仔草民俗文化學堂,2550000
獨立影片有限公司,2550000
天空之城音樂製作有限公司,2544650
金門歷史民俗博物館,2510000
大開劇團,2500000
蘇匯宇,2500000
夕陽音樂產業有限公司,2500000
波光粼粼有限公司,2500000
李宜珊,2500000
中國醫藥大學立夫中醫藥博物館,2500000
臺灣工藝之家協會,2500000
童心力有限公司,2500000
十一音像有限公司,2500000
明天的歌有限公司,2500000
台灣頂極工藝協會,2500000
符號文化股份有限公司,2500000
穀得電影有限公司,2500000
中華民國圖書出版事業協會,2500000
社團法人台灣流行音樂產業技術發展協會,2500000
新竹縣縣史館,2500000
靖像有限公司,2500000
巫家捏麵館,2500000
王逸鈴,2500000
蒙藏基金會辦理110年在臺藏族汽機車駕駛執照考照輔導活動計畫,2490650
阿之寶有限公司,2466000
2021永成戲院影視音體驗計畫,2450000
伊誕創藝視界企業社,2450000
參拾柒度製作有限公司,2450000
雲林縣虎尾鎮建國眷村再造協會,2430000
財團法人天主教上智文教基金會,2400000
林廣財音樂工作室,2400000
勤習堂電影有限公司,2400000
成功大學博物館,2400000
小巨人絲竹樂團,2400000
香港商台北當代藝術博覽會有限公司台灣分公司,2400000
拍手數位科技有限公司,2400000
埔里鎮地方文化館,2400000
新港文化館25號倉庫,2400000
啟妍有限公司,2400000
崧旭資訊股份有限公司,2400000
臺東縣自然史教育館,2400000
中國文化大學,2400000
財團法人安平文教基金會,2400000
撫臺街洋樓,2400000
屏東縣滿州鄉民謠協進會,2400000
范特喜微創文化股份有限公司,2380000
鈞泰新媒體有限公司,2380000
台北市影音節目製作商業同業公會,2350000
轉轉影像事業有限公司,2350000
森思股份有限公司,2320000
夢想視覺特效有限公司,2320000
索爾視覺效果股份有限公司,2318000
臺中市港區藝術中心,2310000
南島之眼文化工作室,2300000
在地實驗文化事業有限公司,2300000
 財團法人東台灣研究會文化藝術基金會,2300000
笨道策展有限公司,2300000
財團法人奇美博物館基金會,2300000
余聿,2300000
爵士寶貝有限公司,2300000
財團法人中華民國帝門藝術教育基金會,2300000
子皿有限公司,2300000
宜蘭縣南澳泰雅文化館,2300000
竹藝博物館,2290000
林青萱,2290000
旋轉牧馬有限公司,2260000
新北市烏來泰雅民族博物館,2256000
在不在實業社,2250000
武德殿,2250000
大山北月有限公司,2250000
吳德淳,2250000
它好好國際有限公司,2250000
風尚旅行社有限公司,2250000
翃舞製作,2236820
彼此影業股份有限公司,2230000
掀冊工作室,2230000
好痛音樂事業有限公司,2206800
旗山車站,2200000
夢芝林有限公司,2200000
小地方文化工作室有限公司,2200000
越在嘉文化棧,2200000
聲達科技音樂有限公司,2200000
安平鄉土文化館,2200000
社團法人台灣台北當代藝術中心協會,2200000
祈菩行文化事業有限公司,2200000
好伴社計股份有限公司,2200000
牛欄河微創文化有限公司,2200000
打狗英國領事館,2200000
偶爾偉大工作室,2200000
財團法人辜公亮文教基金會,2200000
山海屯股份有限公司,2200000
中華民國文化資產維護學會,2200000
看不見電影有限公司,2200000
晨星出版有限公司,2190000
非常棒國際創意股份有限公司,2180000
社團法人臺南市台南新芽協會,2173000
啟騰事業有限公司,2155000
約翰古設計有限公司,2150000
朴子刺繡文化館,2150000
二之間有限公司,2150000
海島演劇,2150000
佳佳百貨有限公司,2130000
遠方文化股份有限公司,2128000
好故事工作坊有限公司,2120000
意傳科技有限公司,2102100
台灣工藝之家協會,2100000
臺南市文史協會,2100000
水牛設計部落有限公司,2100000
這虎音樂有限公司,2100000
花蓮縣秀林鄉達基力文化藝術協會,2100000
思與言人文社會學社,2100000
澎湖縣生活博物館,2100000
台北影業股份有限公司,2090500
叁尚國際事業股份有限公司,2090250
國立台灣師範大學,2083277
集武躍有限公司,2080000
C-Hub成大創意基地,2060000
社團法人台灣媒體小農協會,2058000
屏東縣三地門鄉原住民文化館,2050000
南郭郡守官舍,2050000
聲色盒子有限公司,2050000
新思惟人文空間,2050000
錢穆故居,2050000
中華民國電影導演協會,2050000
西門紅樓,2050000
財團法人國語日報社,2040000
梭夢創意顧問有限公司,2035000
財團法人仰山文教基金會,2035000
莎士比亞的妹妹們的劇團,2019100
絕對藝力,2010000
共勉之企業號有限公司,2003034
百果樹紅磚屋,2000000
財團法人台北市艋舺龍山寺,2000000
文化內容策進院,2000000
財團法人慈濟傳播人文志業基金會,2000000
阿嬤家－和平與女性人權館,2000000
南投縣政府文化局,2000000
張作驥電影工作室有限公司,2000000
林見坪,2000000
財團法人音樂科技學院基金會,2000000
宜蘭縣政府文化局,2000000
陳凱翔,2000000
一路向上股份有限公司,2000000
涅所開發,2000000
連江縣政府文化處,2000000
青少年表演藝術聯盟,2000000
鏡電視股份有限公司,2000000
台北大師星秀音樂節,2000000
順益臺灣原住民博物館,2000000
社團法人中華民國表演藝術協會,2000000
乾坤劇坊,2000000
張盈慧,2000000
奧尼斯音樂有限公司,2000000
河床劇團,2000000
廖建華影像工作室,1999996
佳映娛樂國際股份有限公司,1999991
原創娛樂股份有限公司,1999988
好孩子國際娛樂有限公司,1999976
高雄市立圖書館,1970000
滯留島舞蹈劇場辦理「臺灣團隊參與2020法國外亞維儂藝術節『Factory』作品演出計畫」,1963300
台南家專學校財團法人台南應用科技大學,1960000
大溪太武新村故事館,1950000
哇大創意整合有限公司,1950000
澎湖開拓館,1950000
紅氣球書屋,1935000
國立東華大學人文社會科學院大眾史學研究中心,1925687
阮劇團,1920000
好有感覺音樂事業有限公司,1909300
社團法人東南亞教育科學文化協會,1901200
添翼文創事業有限公司,1900000
大乙傳播事業有限公司,1900000
埔心鄉地方文化館,1900000
瑯嬛書屋,1900000
新式有限公司,1900000
互為主體廣告股份有限公司,1900000
南瀛天文館,1900000
新竹縣政府縣史館,1900000
見城館,1900000
臺灣戲劇館,1900000
太古踏舞團,1890316
拾念劇集辦理「臺灣團隊參與2020法國外亞維儂藝術節『大神魃·世界之夢』作品演出計畫」,1888030
告白熾造,1887843
總爺藝文中心,1880000
肯特動畫數位獨立製片股份有限公司,1850000
大埤鄉酸菜文化館,1850000
社團法人邊邊女力協會,1850000
舊鼓山國小,1840000
新彩廣告事業有限公司,1840000
願境網訊股份有限公司,1832220
大越文創行銷有限公司,1820000
傻塔克音樂娛樂股份有限公司,1809100
財團法人六堆學文化藝術基金會,1800000
羅特國際製作股份有限公司,1800000
弗莎巴西打擊樂團,1800000
苗栗縣泰雅文物館,1800000
恆星製造所有限公司,1800000
哈瑪星貿易商大樓,1800000
討海文化館,1800000
谷泥悠工作室,1800000
財團法人新港文教基金會,1800000
二呆藝館,1800000
亞太連線藝術有限公司,1800000
蘭恩文化園區,1800000
高雄市那瑪夏區原住民文物館,1800000
福爾摩沙馬戲團,1800000
舊三和銀行,1800000
南投陶展示館,1800000
史明文物館,1800000
酷映有影工作室有限公司,1800000
古意生活藝術館,1800000
彰化縣政府,1800000
澎湖化石館,1800000
廖韋翔,1800000
風景映畫創作社,1800000
大愚電影有限公司,1800000
臺南市傳統工藝館,1800000
霧台鄉魯凱族文物館,1800000
三餘文化股份有限公司,1800000
吳天章工作室,1800000
雲林縣政府文化處展覽館,1800000
海岸音樂製作所,1800000
蔡順仁,1800000
鳩浙恩澇工作室,1800000
洪子詠,1800000
興傳奇青年劇場辦理「臺灣團隊參與2020法國外亞維儂藝術節『少年三岔口』作品演出計畫」,1798030
答人文創事業有限公司,1790000
財團法人切膚之愛社會福利慈善事業基金會,1790000
花聲藝術文化股份有限公司,1778954
瘋戲樂有限公司,1760000
水木文化事業股份有限公司,1750000
禹禹藝術工作室,1750000
中華電影製片協會,1750000
臺北市藝術創作者職業工會,1750000
中元祭祀文物館,1750000
稻草人現代舞蹈團,1750000
鐵柱,1740000
新經典圖文傳播有限公司,1740000
洪崇銘,1720000
女書文化事業有限公司,1720000
財團法人拓展文教基金會,1715000
FOCA福爾摩沙馬戲團,1712402
默任股份有限公司,1700000
花蓮縣瑞穗奇美原住民文物館,1700000
台灣史料中心,1700000
支流有限公司,1700000
思辨數位有限公司,1700000
晃晃二手書店,1700000
鹿港鎮地方文化館(鹿港鎮圖書藝文中心),1700000
芝山文化生態綠園博物館,1700000
涂維政,1700000
有本事國際文創有限公司,1700000
陳乂工作室,1700000
太平古農莊文物館,1700000
旅遊文學館,1700000
城市學校財團法人臺北城市科技大學,1700000
豪華朗機工,1700000
台南市政府,1700000
老灰狼影片製作有限公司,1700000
財團法人關懷文教基金會,1690000
小事製作,1688260
社團法人台南市文化協會,1670000
臺灣熱吵民主協會,1670000
獨角獸娛樂股份有限公司,1658650
南投縣藝術家資料館,1650000
優朵國際企業有限公司,1650000
青島玖柒,1650000
月讀書咖人文工作室,1650000
宜誠資訊股份有限公司,1650000
漢揚,1641000
曾毓仁,1640000
楊馥慈,1640000
中國家具博物館,1620000
現場整合行銷有限公司,1620000
青沐室內裝修設計工作室,1620000
新竹市流行音樂文化發展及交流協會,1610000
翃舞製作辦理「臺灣團隊參與2020法國外亞維儂藝術節『無盡天空』作品演出計畫」,1602130
唐山出版社,1600000
財團法人拉縴人文化藝術基金會,1600000
亞洲藝術中心有限公司,1600000
熊南人電影映像有限公司,1600000
溫心榆,1600000
太平買菸場,1600000
桃園市新住民文化會館,1600000
屏東縣魯凱族文物館,1600000
松園別館,1600000
木林電影有限公司,1600000
國立中央大學,1600000
花蓮縣原住民族文化館,1600000
花蓮縣玉里鎮璞石藝術館,1600000
楊逵文學紀念館,1600000
高雄市桃源區原住民文物館,1600000
屏東縣內埔鄉東片社區發展協會,1600000
新營曬書店,1600000
海洋資源館,1600000
幸運星電影製作有限公司,1600000
柳杉生活創意股份有限公司,1600000
委託行街區股份有限公司,1600000
臺北木偶劇團,1600000
小錢,1598000
爆炸毛頭與油炸朱利工作室,1593120
國立中興大學人文與社會科學研究中心,1590000
張嘉祥,1590000
竹山地方文化館,1584000
社團法人高雄市鹽埕藝術勞動社區推廣協會,1576000
新樂園音樂有限公司,1572000
聯經出版事業股份有限公司,1570000
美麗新娛樂股份有限公司淡海分公司,1560000
西村文化創意事業有限公司,1555000
盜火劇團,1550000
臺東縣臺東市順天宮,1550000
籃城書房,1550000
財團法人台北書展基金會,1550000
大未來耿畫廊藝術有限公司,1550000
時報文化出版企業股份有限公司,1550000
東海書苑有限公司,1550000
逗點創意設計整合工作室,1550000
利澤國際偶戲藝術村,1530000
韋蘺若明,1527000
三美娛樂國際有限公司,1510000
銀晨實業有限公司,1505000
河洛歌子戲團,1500000
九藏喵窩有限公司,1500000
新北立淡水古蹟博物館,1500000
財團法人加百列福音傳播基金會,1500000
雅科星文創有限公司,1500000
許家維工作室,1500000
視途演藝設計有限公司,1500000
縫影子宇宙有限公司,1500000
李英宏,1500000
姚國禎,1500000
捌拾捌國際娛樂有限公司,1500000
雲林縣口湖鄉成龍社區發展協會,1500000
吳晉淮音樂紀念館,1500000
萬安社區稻米原鄉館,1500000
和寬攝影器材有限公司,1500000
一期一會影像製作有限公司,1500000
東港造船博物館,1500000
游文富藝術工作室,1500000
思劇團,1500000
玩弦四度,1500000
野番茄映像有限公司,1500000
本組織映畫有限公司,1500000
蘇姵諭,1500000
閎利多媒體有限公司,1500000
明華園戲劇團 ,1500000
映光影像工作室,1500000
果陀娛樂傳播有限公司,1500000
巫虹儀,1500000
繆克電影有限公司,1500000
金門縣文化園區暨歷史民俗博物館,1500000
台秀演出工程,1500000
賽夏族民俗文物館,1500000
生活旅人有限公司,1500000
台北創造電影有限公司,1500000
琦想創作有限公司,1500000
中壢五號倉庫藝文基地,1500000
大寬文化工作室,1500000
創靖文化股份有限公司 ,1500000
豪華大戲院股份有限公司豪華大戲院嘉義分公司,1500000
胡璉故居紀念館暨研究中心,1500000
非/密閉空間,1500000
春和景鳴音樂工作室,1500000
好用功有限公司,1500000
台灣螺絲博物館,1500000
鍾旻瑞,1500000
罡風創意映像有限公司 ,1490000
見一文化有限公司,1490000
親愛愛樂,1485000
中埔鄉嘉檳文化館,1485000
周欣怡,1480000
融聲創意有限公司,1480000
台灣應用劇場發展中心,1480000
陳科廷,1480000
冰鳥工作室,1470895
薩法克有限公司,1470000
財團法人毛毛蟲兒童哲學基金會,1470000
東海大學,1470000
得瑁企業股份有限公司,1460000
流聲映樂工作室,1457000
日下棗,1454000
阿壽伯古早味手工食品,1450000
鴻梅文創志業股份有限公司,1450000
走路草農/藝團,1450000
財團法人台北愛樂文教基金會,1450000
豪華大戲院股份有限公司,1450000
柒拾陸號原子股份有限公司,1450000
玩勮工廠,1448500
前衛出版社,1444000
本覺創意有限公司,1440000
海馬迴藝工隊,1440000
社團法人臺中市好民文化行動協會,1432400
同路電影有限公司,1430000
尚和歌仔戲劇團,1430000
同黨劇團,1420000
金門文化園區歷史民俗博物館,1420000
遊牧人文化有限公司,1410000
財團法人賴和文教基金會,1410000
逃走鮑伯,1400000
西屯純愛組,1400000
霧峰林家宮保第園區,1400000
陳女士音像製作有限公司,1400000
山下生活有限公司,1400000
鐵擊,1400000
臺灣藝術田野工作站,1400000
檜町文化有限公司,1400000
悅智文化事業有限公司,1400000
屏東縣文化資產維護學會,1400000
好好的一個工作室,1400000
臺南市原住民文物館,1400000
吳禹,1400000
菁桐礦業生活館,1400000
溪州鄉農用地方文化館,1400000
林書豪,1400000
達摩樂隊,1400000
無敵家娛樂股份有限公司,1400000
晴耕雨讀文化有限公司,1400000
臺灣蘭科植物園股份有限公司藍晒圖分公司,1397060
好識共創有限公司,1396263
可樂藝術文創股份有限公司,1386000
南港北流音樂耶誕小鎮,1365840
左轉文化股份有限公司,1350000
禾一文化傳承舞團,1350000
灣麗磚瓦文物館,1350000
臺中市文化創意產業發展協會,1350000
幼獅文化事業股份有限公司,1350000
狂想劇場,1350000
財團法人桃園市廣藝基金會,1350000
她的實驗室空間集,1348400
 零壹影像有限公司,1340000
光譜映像有限公司,1325000
簡珮瑜,1320000
莎韻西孟,1320000
妄想機影音製作有限公司 ,1310000
郭昕盈,1300000
葉育君,1300000
蔗青文化工作室,1300000
大賞門文化傳播公司,1300000
聲昊有限公司,1300000
貳樓音樂工作室,1300000
游善鈞,1300000
傅逸佳,1300000
國賓企業股份有限公司,1300000
莫比文化創意有限公司,1300000
東城音樂製作有限公司,1300000
樂端國際有限公司,1300000
玩音樂工作室,1300000
水路文化事業有限公司,1300000
社團法人新北市成人學習推廣協會,1300000
成績好工作室,1300000
趙思齊,1300000
中華民國圖書出版 事業協會,1300000
動畫特效協會,1300000
搖滾童謠音樂有限公司,1300000
伊丹有限公司,1300000
馬念先工作室,1300000
好感度音樂有限公司,1300000
麥丁文化事業有限公司,1300000
唯有音樂有限公司,1300000
梅嶺美術館　,1300000
桃園市撒烏瓦知推廣文化發展協會,1300000
零加壹音樂有限公司,1300000
創異音樂工作室,1300000
旺福愛你有限公司,1300000
琴星企業社,1300000
混血兒娛樂工作室,1295000
台灣人文窯場展演館,1290000
新平溪煤礦股份有限公司,1287700
轅年視覺創意有限公司,1284500
大塊文化出版股份有限公司,1280000
九天民俗技藝團,1280000
大島影像製作股份有限公司,1280000
光元體影藝有限公司,1280000
南崁書店,1270000
一條龍虎豹國際娛樂有限公司,1270000
頑童音樂製作有限公司,1266650
陳又津,1264200
新北市礦業退休人員交流協會,1260000
張誌騰,1260000
夾腳拖劇團,1250000
失序場（吳季娟）,1250000
飛西啟,1250000
社團法人中華民國遊戲協會,1250000
詹宏祿,1250000
瓦當人文有限公司,1250000
財團法人蒲公英文教基金會,1250000
星濱山共創工作室,1250000
賴純純,1250000
慾望劇團,1250000
台北市出版商業同業公會,1250000
唯我群體工作室,1250000
國立臺東大學,1240000
黃兵善,1240000
林冠旻,1240000
曾建華,1230000
無限美好文創娛樂有限公司,1229000
李權洋,1220000
陳栢青,1220000
福相股份有限公司,1220000
衛謙里,1212000
南投縣魚池鄉邵族文化發展協會,1210000
110年度中山73影視藝文空間地方影視音發展計畫,1205000
破鑼嗓子音樂有限公司,1200000
希望之夏音樂創意有限公司,1200000
財團法人鞋類暨運動休閒科技研發中心,1200000
摘星山莊,1200000
靛藍音程工作室,1200000
板陶窯工藝園區,1200000
溪口鄉文化生活館,1200000
泰雅生活館,1200000
好聞國際事業有限公司,1200000
美好人影像製作有限公司,1200000
翼手龍整合行銷有限公司,1200000
國立臺灣海洋大學,1200000
二棲創映有限公司,1200000
宜蘭美術館,1200000
賽蓮音樂有限公司,1200000
青鳥文化制作有限公司,1200000
福祿壽音樂娛樂有限公司,1200000
親愛的音樂有限公司,1200000
創造焦點,1200000
陳韶君,1200000
玉成街錄音室有限公司,1200000
生活博物館,1200000
很通創作有限公司,1200000
楊梅故事園區,1200000
戰爭與和平紀念公園主題館,1200000
臺灣碗盤博物館,1200000
中影八德股份有限公司,1200000
未卜娛樂有限公司,1200000
揪團音樂工作室,1200000
財團法人蕭泰然文教基金會,1200000
屏風特攻有限公司,1200000
福利事國際有限公司,1200000
緩步動物,1200000
黃洛瑤,1200000
盪鞦韆創意工作室有限公司,1200000
新港文化館,1200000
崑山科技大學,1200000
農村武裝青年,1200000
和諧滙聚股份有限公司,1200000
顏皓軒,1200000
人浪漫映画有限公司,1200000
陳亮廷,1200000
表演36房：永安藝文館,1200000
宅故事創作有限公司,1200000
費子軒,1200000
新竹縣鄧南光影像紀念館,1200000
燚碼音樂工作室,1200000
稻米原鄉館,1200000
菊箱動畫有限公司,1200000
亞歷安傳播工作室,1200000
小西腳藝文工作室,1200000
歡影城股份有限公司,1190000
基隆故事館,1190000
萍蓬草兒童劇團,1188000
社團法人雲林縣聽語障福利協進會,1180000
宗聖公祠,1178000
立原和股份有限公司,1177100
奧櫟國際有限公司,1176750
曾耀慶,1171000
黃約農,1170000
臺東縣政府文化處,1170000
NIN,1168000
轉動的聲音2.0,1167600
國立陽明交通大學,1166000
莫比斯圓環創作公社,1160000
柏雅音樂藝術工作室,1156890
必應創造股份有限公司,1152000
譜普市藝術工作室,1150000
虎尾厝書店,1150000
中華民國圖書館學會,1150000
三十九號貝殼公寓工作室,1150000
天馬行空數位有限公司,1149000
鯨詠堂,1135000
海穹文化有限公司,1130000
台原亞洲偶戲博物館,1120000
羅福星紀念館,1120000
AKRU,1118000
巧克科技新媒體股份有限公司,1111000
故事工廠,1100000
大樹冊店,1100000
小意思企業社,1100000
樹杞林文化館,1100000
壽豐鄉原住民文物館,1100000
在地生活整合行銷,1100000
劉興欽漫畫教育館,1100000
臺北偶戲館,1100000
斗六市立繪本圖書館,1100000
陳又瑄,1100000
張庭溦,1100000
 財團法人賴和文教基金會,1100000
財團法人平安社會福利慈善事業基金會,1100000
現代電影沖印股份有限公司,1100000
宋岳庭傳電影有限公司,1100000
周俊廷,1100000
創客吧有限公司,1100000
春池綠能玻璃觀光工廠,1100000
首奧股份有限公司,1100000
驫舞劇場,1100000
2020澳洲布里斯本國際藝術節全本《王寶釧》交流公演,1100000
朱筱琪,1093343
邱常婷,1090000
上升氣流工作室,1090000
東森電視事業股份有限公司,1090000
國立中興大學,1089387
台中市新文化協會,1080000
非常人藝術文化有限公司,1080000
張台賜,1080000
林家良,1080000
台北曲藝團,1070000
雲林五洲小桃源掌中劇團,1055000
財團法人台北市九歌文教基金會,1050000
九歌出版社有限公司,1050000
音瀑奧譜聲音藝術實驗室,1050000
璽秝生活創意有限公司,1050000
藍鵲創意有限公司,1050000
赤兔影像製作有限公司,1050000
兩座島有限公司,1050000
洪雅書坊,1050000
中華民國出版商業同業公會全國聯合會,1050000
財團法人台灣紅絲帶基金會,1050000
光在影像股份有限公司,1050000
林智斌,1050000
長源醫院─鹿港歷史影像館,1050000
未來數位有限公司,1050000
利昇科技股份有限公司,1050000
新資料俠創意有限公司,1049090
61Chi,1046000
黟服有限公司,1041000
一直寫工作室,1040000
嘉義市洪雅文化協會,1030000
奇異果文創事業有限公司,1030000
楊承達,1024000
財團法人亞洲大學,1010000
果陀劇場,1000700
仙草影像製作有限公司,1000000
採樟文史典藏故事館,1000000
艾比索有限公司,1000000
臺中市眷村文物館,1000000
融聲創意有限公司 ,1000000
社團法人無國界記者組織台灣分會,1000000
好好拍影業有限公司,1000000
吳季恩,1000000
林彣政,1000000
花千樹電影有限公司,1000000
明道學校財團法人明道大學,1000000
馬祖新村眷村文化園區,1000000
柴郡貓文化傳媒有限公司,1000000
樂而活科技股份有限公司,1000000
哪裡聚有限公司,1000000
菲林菲林有限公司,1000000
他里霧繪本館,1000000
台灣⾳樂教育推廣協會,1000000
臺灣科技藝術學會,1000000
台灣農村文化教育協會,1000000
人間電視股份有限公司,1000000
財團法人花蓮縣劉一峰神父天涯若比鄰文化藝術基金會 ,1000000
排灣族雕刻館,1000000
甲普國際媒體股份有限公司,1000000
當道音樂文創有限公司,1000000
小小書房(小小創意有限公司),1000000
國際劇評人協會台灣分會 ,1000000
複製貼上音樂製作有限公司,1000000
花蓮縣臺灣原住民族文化館,1000000
壞鄰居有限公司,1000000
陳群,1000000
牽猴子股份有限公司、影一製作所股份有限公司,1000000
王子杰,1000000
財團法人花蓮縣田智宣文化藝術基金會,1000000
北埔鄧南光影像紀念館,1000000
財團法人裙襬搖搖高爾夫基金會,1000000
臺東故事館,1000000
華映娛樂股份有限公司、天際娛樂股份有限公司,1000000
老湖口天主堂文化館,1000000
龔萬祥,1000000
城鄉潮間帶有限公司,1000000
游擊工作站,1000000
孫育晴,1000000
工藝影片製作計劃-擁抱,1000000
英奎德博有限公司,1000000
唐豪,1000000
鋐宇樂器有限公司,1000000
明德新村2、3、4、11號,1000000
曾詠婷,1000000
葉宗軒,1000000
談宗藩,1000000
臺中市市長公館,1000000
五樓創意有限公司,1000000
就是影像創意有限公司,1000000
三餘書店,1000000
張凱亘,1000000
山影藝術實驗所有限公司,1000000
早雨早晴影像有限公司,1000000
大未來林舍畫廊藝術有限公司,1000000
老頑童娛樂有限公司,1000000
道合媒體行銷有限公司,1000000
Taiwan Week計畫,1000000
林柏瑜,1000000
十五里文創有限公司,1000000
臺北市立大學,1000000
樸實映畫有限公司,1000000
詹沛庭,1000000
財團法人數位藝術基金會,1000000
北投文物館,1000000
芎林鄉上山社區活動中心,1000000
金勾錐有限公司,1000000
社團法人臺北市才能飛國際共創協會,1000000
博能文創事業有限公司,1000000
陳浤,1000000
顧廣毅創意工作室,1000000
台灣鳳梨工廠,1000000
樂橙創意有限公司,1000000
中藝國際影視股份有限公司,1000000
劉岳銘,1000000
美麗新娛樂股份有限公司新莊分公司,1000000
爆擊映畫有限公司,1000000
龔秋蓉,1000000
王俊為,1000000
江宗傑,1000000
原住民文化會館,1000000
菲博瑞思文創娛樂有限公司,1000000
植光土壤音創工作室,1000000
猴子電男孩影藝有限公司,1000000
劉家欣,1000000
陳錦芳,1000000
河氣生才商號,1000000
將軍之屋,1000000
南十字星文化工作室有限公司,1000000
耶彼羅音樂工作室,1000000
國立台北藝術大學,991973
切音樂電影有限公司,990000
吳日云服裝設計工作室,985000
國立東華大學,980000
華品文創出版股份有限公司,980000
張放之,980000
蘭嶼文化園區,975000
芬妮克斯藝術文創工作室,970000
xuelin,968000
蔡程安,960000
君傳媒製作工作室,960000
中壢警察局日式宿舍,950000
財團法人台灣閱讀文化基金會,950000
旅讀台灣發展促進會,950000
台南市原住民文物館,950000
雷斯利傳媒國際股份有限公司,950000
工藝展覽館,950000
國立臺北藝術大學音樂學院傳統音樂系,950000
仰角國際影業有限公司,950000
思高本事有限公司,950000
 陳逸恩,950000
舊打狗驛故事館(原打狗鐵道故事館),950000
傳翼數位影像股份有限公司,940000
高梧集紳士服實業有限公司,940000
台北市漫畫從業人員職業工會,940000
金榜工作室,940000
小雪,932000
在地實驗媒體劇場,930000
吳語哲,930000
滯留島舞蹈劇場,923500
Pam Pam Liu,920000
晃晃書店,920000
Matthes & Seitz Berlin,920000
國立中山大學,920000
社團法人台灣公益CEO協會,910000
橙汁狗有限公司,910000
Yashin,906800
國立交通大學人文社會學系暨族群與文化研究所,900000
財團法人慈濟傳播人文志業基金會 ,900000
昭晨廣告行銷有限公司,900000
曜演影視製作有限公司,900000
傳遞娛樂傳媒有限公司,900000
停不下來工作室,900000
雲林縣文化處,900000
劉澄雍,900000
永沃麥田文化創意工作室,900000
何珍襄,900000
新古典室內樂團,900000
無獨有偶工作室劇團,900000
未來式互動藝術有限公司,900000
本來影像有限公司,900000
烏夏數位文創娛樂股份有限公司,900000
鹿野故事館,900000
凡想有限公司,900000
文化年代創意股份有限公司,900000
江之翠劇場,900000
台灣糖業博物館/臺糖公司高雄區處,900000
財團法人二二八事件紀念基金會,900000
Bungeishunju Ltd.,900000
陳以萱,900000
新樂園藝術空間,900000
臺中放送局,900000
即刻映像有限公司,900000
四非書房(饌食文創商號),900000
財團法人勵馨社會福利事業基金會,900000
莎妹工作室,900000
吳庭慧,900000
台灣伊日股份有限公司 ,900000
彰化縣政府文化局,900000
嵐天音樂,900000
彩蛋影像有限公司,900000
台中市政府新聞局,900000
YELLOW,900000
台西村影像館,900000
莉莉周她說 Lily Chou-Chou Lied,900000
島嶼影像合創社,900000
滅劇場黯黑舞蹈團,894000
「2019法國巴黎、里昂 博物館巡迴表演計畫」,890000
財團法人基督教蘭恩文教基金會,890000
孩好書屋,880000
新元昌紅茶產業文化館,880000
靜宜大學(台灣文學系),880000
River,880000
錦飛鳳傀儡戲劇團,880000
真雲林閣掌中劇團,879200
屏東縣來義鄉鳩浙恩澇文教協會,872300
艸肅,872000
昇平五洲園,870000
社團法人台灣手語翻譯協會,864000
I Mean Us,860874
桃園市牛角藝文協會,860000
雲林記憶COOL(虎尾登記所),860000
耐製文創有限公司,855000
武莉工作室,853770
多我服裝有限公司,850000
馬祖青年發展協會,850000
當代電影大師,850000
現思文化創藝有限公司,850000
簡君嫄,850000
山豬影像,850000
奇巧劇團,850000
雲林縣傳統工藝文創產業發展協會,850000
Codie,850000
爛貨習作,850000
國立臺灣藝術大學,850000
萬龍,850000
聲勢文創娛樂有限公司,850000
両両製造聚團,850000
三小文創有限公司,850000
霓虹愛神,850000
斗六市立繪本館,850000
The Tic Tac,850000
風乎舞雩舞團,850000
賴柏州,845000
脯脯有限公司,840000
社團法人秋野芒文創協會,840000
中壢國小日式宿舍,840000
歡喜扮戲團,840000
庄尾文化聲音工作室,840000
凱龍星技藝團,840000
社團法人嘉義縣鄉村永續發展協會,835000
Safran - LTD,830000
赤赤子有限公司,830000
小水滴創藝樂團,830000
高雄市新浜碼頭藝術學會,820000
新新書店有限公司,810000
彰化縣大城鄉台西村影像館,810000
徐胤承,810000
藤音樂工作室,809100
國立陽明大學,807500
十上整合設計有限公司,805000
台青蕉樂團,800000
社團法人台灣女性影像學會,800000
木眼鏡,800000
鄧依涵,800000
台灣獨立音樂協會,800000
鄉土藝術館,800000
新竹市文化局影像博物館,800000
陳靖玟,800000
屏東縣泰武鄉圖書文物館,800000
林園歷史教室,800000
睛典文化映像有限公司,800000
Leaf葉子,800000
臺中刑務所演武場,800000
傳影互動股份有限公司,800000
拾音Pick Up,800000
實踐大學,800000
社團法人台灣博物館專業協會,800000
眠腦,800000
Chick en Chicks,800000
晟│SHENG,800000
鼓得音樂影像工作室,800000
告五人樂團,800000
靛藍小孩 Indigo Soul Children,800000
藝起娛樂有限公司,800000
王倚祈,800000
翔聲國際有限公司,800000
陳穎達(陳穎達四重奏),800000
臺中市定古蹟摘星山莊,800000
渣泥ZANI樂團,800000
濁水溪公社,800000
無限融合樂團,800000
劇集文創開發股份有限公司,800000
曾敬淳,800000
台灣文學藝術界聯合會,800000
粉紅噪音,800000
張捷明,800000
無妄合作社 No-nonsense Collective,800000
8Ball,800000
沃土影像製作有限公司,800000
黃淑萍,800000
夕陽武士,800000
如果兒童劇團,800000
FUTURE AFTER A SECOND,800000
吳三連基金會,800000
傑克企業有限公司,800000
國立屏東科技大學農機具陳列館,800000
Meuko!Meuko!,800000
體熊專科,800000
南崁兒童藝術村,800000
茄子蛋EggPlantEgg,800000
高雄市岡山眷村文化協會,800000
蘇育賢,800000
臺灣布農族語言學會,800000
四爪樂團,800000
翔影國際有限公司,800000
熱寫生,800000
好地下藝術團,800000
小綠書店,800000
1913阿里山舊事所,800000
思遠健康諮詢顧問股份有限公司,800000
LEO37+SOSS,800000
夥同影像製作有限公司,800000
陳冠伃,800000
童里文創生活事業社,800000
Overtone,800000
積極電影有限公司,800000
吉那罐子樂團,800000
イルカポリス海豚刑警,800000
芸帆有限公司,800000
落差草原WWWW,800000
厭世少年,800000
登山補給站(詮峰登山用品有限公司),800000
財團法人切膚之愛社會福利慈善事業基金會(彰基文史博物館),800000
Mary See the Future/先知瑪莉,800000
奇洱文創有限公司,800000
老王樂隊,800000
愛木村,800000
百合花,800000
社團法人台灣環境教育協會,800000
TAI身體劇場,800000
獅子鄉文物陳列館,800000
苗栗陶瓷博物館,800000
牽猴子股份有限公司、壹壹影業股份有限公司,800000
我害你聽音樂有限公司,800000
牽猴子股份有限公司、奇霏影視製作有限公司,800000
社團法人台灣失智症協會,800000
十四有限公司,800000
橄欖人,800000
阿賴耶電影有限公司,800000
運河博物館（原台南運河安平海關）,800000
圈起來映畫有限公司,800000
梁晏齊,800000
動見体,800000
天馬傳播事業有限公司,800000
賴韋伃,800000
無年無限有限公司,799390
目目文創工作室,790000
投圓文化有限公司,780000
宜蘭縣頭城鎮龜山島社區發展協會,780000
否極泰來音樂股份有限公司,780000
轉盒子文創有限公司,780000
台北市城南水岸文化協會,780000
Elainee藍尼,770000
洪木成,770000
山号整合設計有限公司,770000
李御齊,768000
馬棋朵數位影像製作有限公司,763000
飛魚創意股份有限公司,760000
微笑唸歌團,760000
台灣蓪草學會,760000
明華園日字戲劇團,760000
財團法人自由思想學術基金會,760000
縱橫國際影視股份有限公司,760000
中華打擊樂協會,756400
三三電影製作有限公司,756000
和和服飾有限公司,755000
叔叔妹妹企業社,750350
社團法人彰化縣南彰化生活美學協會,750000
游素蘭,750000
林果設計工作室有限公司,750000
綠川人文工作室 ,750000
僻室House Peace,750000
樂興之時管絃樂團,750000
那裡有光電影有限公司,750000
高雄市岡山大專青年協會,750000
小米影像工作室,750000
呂水世,750000
社團法人台灣新住民關懷協會,750000
行政院農業委員會特有生物研究保育中心,750000
新和興總團,750000
愛民如子有限公司,750000
社團法人台中市聾人協會,750000
68電影館,750000
遠足文化事業股份有限公司 ,750000
夏姿時尚股份有限公司,750000
其玟有限公司,750000
EX-亞洲劇團,750000
新竹縣柿染文化協會,750000
大廟口派出所,750000
許雅玲,740000
Serenity International,740000
何學儀,740000
歪的音樂有限公司,735000
Nool,730000
Jim Thompson Art Center,722000
桃園光影文化館,720000
魔幻時刻電影有限公司,720000
Mangmoom Culture Company Limited,720000
五洲園掌中劇團,720000
台灣藺草學會,720000
杜福安,720000
再拒劇團,720000
史瓦力音樂製作有限公司,711970
溱基創意行銷有限公司,710000
財團法人三芝文化基金會,710000
好球娛樂有限公司,709196
小事製作 Les Petites Choses Production,702292
中華影城,700000
DoZzz,700000
社團法人美感跨域協會,700000
台灣虛實展演發展協會,700000
蘋果劇團,700000
造故事娛樂製作股份有限公司,700000
百合花 Lilium,700000
楊士弘 Midi Yang,700000
固定客,700000
Night Keepers 守夜人樂團,700000
都普勒浪潮,700000
Robot Swing,700000
臺灣崑劇團,700000
浮光讀冊文化有限公司,700000
拾叁樂團,700000
甜約翰 Sweet John,700000
九歌民族管絃樂團,700000
伯爵白,700000
群星瑞智國際藝能有限公司,700000
銘傳大學(數位媒體設計學系),700000
顧芳槐,700000
13月終了,700000
黃子軒與山平快,700000
June Pan,700000
苗栗縣郭芝苑音樂協進會,700000
Limi,700000
羅雷大樂隊,700000
笑琴 Chill Qin,700000
THE WAiiT,700000
白鐵仔Pehthiha,700000
雷擎,700000
水源,700000
風籟坊,700000
SBG Jazz Trio,700000
A Root 同根生,700000
社團法人新北市愛鄉協會,700000
杯具社,700000
臺南市文化資產關懷志工協會,700000
羅厝天主堂,700000
保證責任臺中市中都農業生產合作社,700000
黑旋風,700000
A Piece of Cake 256,700000
新象創作劇團,700000
Cicada樂團,700000
皿樂隊 ,700000
台灣揚琴樂團,700000
島呼冊店,700000
雨國樂團,700000
Go GO Machine Orchestra,700000
花開映像有限公司,700000
臺東表演藝術館,700000
EmptyORio,700000
淺堤樂團,700000
Doodle,700000
社團法人釣魚台教育協會,700000
Kasiraw鹹豬肉樂團,700000
So-So Heroes 瘦瘦英雄,700000
Fresco 樂團,700000
LINION,700000
鹿比 ∞ 吠陀,700000
羅思容與孤毛頭樂團,700000
船興企業股份有限公司,700000
SKARAOKE,700000
非人物種,700000
FORMOZA,700000
苗栗縣賽夏族民俗文物館,700000
三喜電影制作有限公司,700000
The Shine&Shine&Shine&Shine,700000
IDOLONSTUDIO 歐亞藝術網絡組織,700000
問題總部 It's your fault ,700000
Gecko Press,700000
陳穎達,700000
Go Go Rise美好前程,700000
祈蘇楓亞文化心空間工作室,700000
大風數位傳播有限公司,700000
臺灣藝術史研究學會,700000
藍。掉,700000
YUFU CHEN個人樂隊,700000
So What 樂團,700000
阿蘭樂團,700000
尋找尼歐,700000
甜約翰,700000
ＳＡＤＯＧ,700000
乾坤一擊創意股份有限公司,700000
Little Shy on Allen Street,700000
EVERFOR,700000
三牲獻藝,700000
亥兒樂隊,700000
Acid Marie 微酸瑪莉,700000
害喜喜,700000
社團法人台灣國際學術交流學會,700000
參劈,700000
苗栗縣中港溪產業文化復耕協會,700000
椅子樂團 The Chairs,700000
格式塔少女,700000
赤楊,700000
王彙筑,700000
王雁盟&KbN,700000
牯嶺街小劇場,700000
巫明如,700000
財團法人春風文教基金會,700000
緩緩,700000
飛鴻FayeHong,700000
苑裡濱海藝文中心,700000
食蟻獸,700000
JADE,700000
藝工能藝文推廣協會,700000
Resa Club,700000
XHARKIE,700000
Orquesta Siempre Tango 純粹探戈樂團,700000
DIZLIKE,700000
粗大BAND,700000
聲子蟲,700000
社團法人中華民國聽障人協會,700000
林強 & guests ,700000
翻滾吧男孩電影有限公司,700000
Eastwave 東波,700000
稻田電影工作室有限公司,700000
Endtrocity暴行終止,700000
icyball 冰球樂團,700000
嘉義市交趾陶館,700000
The Fur.,700000
造橋木炭博物館,700000
OBSESS,700000
聯合數位文創股份有限公司,700000
輻射魚市,700000
YK樂團,700000
無菌室Germ-Free Room,700000
Osean樂團,700000
南西肯恩 Neci Ken,700000
魚條 Fish Stick,700000
打倒三明治,700000
Sonia Calico,700000
帝國製糖臺中營業所,700000
明道中學,700000
Miao Miao Flow,700000
凹與山,700000
國際亞洲出版股份有限公司,700000
范安婷樂團,700000
十九兩樂團,700000
Tonic 5,700000
裘振宇,700000
康士坦的變化球,700000
理想混蛋,700000
蘇聖育Organ 3,700000
蓬萊仙山 Chill Mountain,700000
异境樂團,700000
蔚藍文化出版股份有限公司,693000
PAPARAYA,690000
悟遠劇坊,690000
九太音響工程有限公司,690000
林本園園邸,690000
水瓶鯨魚,690000
葉明軒,684000
漢陽北管劇團,680000
扎哈木會館,680000
自然書寫音樂工作室,680000
玉子采,680000
社團法人台灣伴侶權益推動聯盟,680000
藝樂肆貳行,680000
林恕全,680000
國立故宮博物院,680000
新竹市共讀推廣協會,680000
簡郁文,675000
蚩尤,672000
臨時動議有限公司,670000
留婷婷,670000
遠星文創股份有限公司,670000
社團法人台灣障礙者權益促進會,670000
Pagina 2 Srls,670000
劉倩帆,666000
英雄鎮公寓大廈管理委員會,665000
Altenburg Press,660000
台灣TAMORAK文教協會,660000
邱妙欣,660000
戲子多媒體廣告創意工作室,660000
王靜嫺,660000
彰化縣原住民生活館,660000
王彥蘋,660000
社團法人臺北市諸野永續生活協進會,660000
國立臺中教育大學,658360
HOM,658000
自由人藝術公寓,650000
洄遊式創作集,650000
楊景翔演劇團,650000
金門縣閩南文化協會,650000
ART SHELTER,650000
黃郁茹,650000
社團法人臺南市普濟文史研究協會,650000
講台文化有限公司,650000
財團法人淡水文化基金會,650000
邑聚藝術顧問有限公司,650000
隨機觸發,650000
國防大學政戰學院應用藝術學系,650000
鹿港鎮公所,650000
Academic Publishing House DIALOG sp.z.o.o,650000
唐恩文化有限公司,650000
賴高山藝術紀念館,650000
財團法人鍾理和文教基金會,650000
蒙太奇國際音樂有限公司,650000
偶偶偶劇團,645700
河源,640000
高永,640000
Mi:Lu Publishing,640000
簡榕萱,640000
龜山島漁村文化館,640000
信革數位有限公司,640000
張蘺,631000
吳函恩,630000
步步音像製作股份有限公司,630000
篤固工作室,630000
南熠樂集,630000
典藏文創有限公司,630000
鄭硯允,630000
楊隸亞,630000
國立中興大學科技管理研究所,630000
白鹿動畫有限公司,622000
蔡文進,620000
郭孔寧,620000
王思靚,620000
春山出版有限公司,620000
楊惠涵,620000
李彧僑,613600
社團法人台灣文化無國界協會,612000
奇點劇團,610000
財團法人兒童文化藝術基金會,610000
Cambodian Living Arts,606600
雲林縣溪義文教工作學會,605000
阮光民,601600
PATAYO EDITIONS,600000
新竹市美術館暨開拓館,600000
尤雅容,600000
朱鴻琦,600000
兆映電影事業有限公司,600000
有貓音樂有限公司,600000
雲林記憶Cool,600000
板頭文化藝術村,600000
明道中學現代文學館,600000
溪口文化生活館,600000
關西台紅茶業文化館,600000
Europa Editions UK,600000
財團法人宜蘭社區大學教育基金會,600000
臺灣出版與數位內容產業研究協會,600000
南投縣縣史館,600000
秀琴歌劇團,600000
二手玩具屋,600000
山東野表演坊,600000
好頭腦文教事業股份有限公司,600000
魯凱族文物館,600000
逐鹿表演藝術團,600000
焦點舞團,600000
高雄市二二八關懷協會,600000
宏達智能影像有限公司 ,600000
新北市淡水休閒農業協會,600000
"TWO VIRGINS Co., Ltd.",600000
葉經義,600000
群傳媒股份有限公司,600000
立正站好思維創意有限公司,600000
眷村博物館,600000
群健有線電視股份有限公司,600000
流動部落有限公司,600000
集集鎮地方文化館,600000
國立台北科技大學文化事業發展系,600000
尋人啟事樂團工作室,600000
偉一創意有限公司,600000
中埔嘉檳生活文化館,600000
廣興紙寮,600000
熊信淵,600000
他里霧漫畫館,600000
霧?林家花園林獻堂博物館,600000
旗山車站糖鐵故事館,600000
綠光全傳播有限公司,600000
陳柏丞,600000
將軍村開放圖書資訊園區,600000
高雄市圖書出版事業協會,600000
中華影視及流行音樂推廣協會,600000
藝術家資料館,600000
中華民國聾人協會,600000
台灣糖業股份有限公司高雄區處,600000
新逸藝術,600000
一元創合設計顧問有限公司,600000
小屋子有書規劃顧問有限公司,600000
中華演藝總工會,600000
差事劇團,600000
社團法人中華民國啟聰協會,600000
點點電影製作有限公司,600000
新竹縣五峰鄉原住民族館,600000
青潮人文工作室,600000
漫遊者文化事業股份有限公司,600000
國立教育廣播電臺,600000
屏東縣客家文物館,600000
壹壹影業有限公司,600000
畢業生有限公司、十宜影樂有限公司,600000
那屋瓦文化有限公司,600000
他里霧生活美學館,600000
成功鎮原住民文物館,600000
獵人居文化創意工坊,600000
心藝電影工作室,600000
社團法人中華民國公共藝術教育發展協會,600000
神奇樂坊,600000
十一電影有限公司,600000
蔡政宏,600000
三寮灣東隆宮東隆文化中心,600000
新北市汐止區保長社區發展協會,600000
南方澳討海文化館,600000
客家電視台,600000
上行娛樂股份有限公司,600000
寸田文化有限公司,600000
蔚米影像有限公司,600000
竹山鎮地方文化館,600000
綻放電影有限公司,600000
歷史建築臺中刑務所演武場,600000
大氣團,600000
中華民國書學會,600000
財團法人台南市文化基金會,600000
舞蹈生態系創意團隊,600000
北投文物館　,600000
複象公場,600000
新港香藝文化園區,600000
財團法人公共電視文化事業基金會(客家電視台),600000
墨策國際股份有限公司,600000
裘斯蜜有限公司,595000
鑫囍國際股份有限公司,595000
台灣同志運動發展協會,590000
花蓮縣花蓮市民生社區發展協會,590000
映實文化有限公司駁二分公司,590000
臺東縣大武鄉大武社區發展協會,590000
陳泓名,590000
漂流尋聲製作,589000
橄欖,586000
艾姆兔,585000
內山小文化事業有限公司,585000
國立空中大學,582520
雷,580000
時書數位內容有限公司,580000
李亦凡,580000
劉婷萱,580000
長義閣掌中劇團,580000
李一侃,580000
鄧君婷,580000
易水翔麟,580000
徐木笛,580000
一撇,576000
黑白文化事業有限公司,570000
羽‧擊舞藝術,570000
旅仕行銷有限公司,570000
山宛然劇團,570000
高速精神工作室,570000
龍子電影事業股份有限公司,570000
日安焦慮,570000
陳柏宇,570000
郭敬耘,570000
國立體育大學,570000
飛行國際視聽股份有限公司,570000
糸島織物創作社,562500
凌晨工作室,562500
有禮設計股份有限公司,562500
概念啊實業有限公司,562500
熊元培,561000
李俐錦,560600
南投縣國姓鄉石門社區發展協會,560000
日日新國際商業股份有限公司,560000
強力音樂有限公司,560000
曼丁身體劇場,560000
桃園縣政府文化局,560000
風球文化創意企業社,560000
影子傳奇劇團,555000
鹿言設計工作室,550760
君英文化創作國際事業有限公司,550000
新北市政府原住民族行政局,550000
水林鄉立圖書館,550000
影響．新劇場,550000
金枝演社劇團,550000
財團法人陳文成博士紀念基金會,550000
可揚與他的快樂夥伴,550000
有河文化有限公司,550000
山鷹出版社,550000
陳庭昀,550000
宜蘭縣漁工職業工會,550000
嘎瑪魯岸有限公司,550000
林薇,550000
人權公約施行監督聯盟,550000
娩娩工作室,550000
雲林縣參與式民主協會,550000
黑蝙蝠文物陳列館,550000
青鳥文化制作,550000
有限責任台東縣東海岸原住民社區合作社,550000
大師藝術,550000
聯聯看娛樂文化股份有限公司,550000
台北絲竹樂團,550000
台北市眷村心文化協會,550000
社團法人南投縣中興生活美學協會,545000
Kan,540000
何采柔 ,540000
社團法人宜蘭縣噶瑪蘭族發展協會,540000
彰基創始紀念館,540000
邱適珩,540000
楊富閔,540000
江佩津,540000
馮煜衡,540000
許逸如,540000
布里斯,540000
Indirect Diaries,540000
社團法人彰化縣保鹿運動協會,540000
薪鹽,540000
KUCHiXO,540000
社團法人臺中市鄉土文化學會,530000
溪和三代目展示館,530000
小樹藝術工作室,530000
張季雅,530000
草山樂坊,530000
財團法人李天祿布袋戲文教基金會,530000
他者工作室,520937
米索MISO,520000
他里霧環境教育館,520000
鄒佳晶,520000
漢寶包Hambuck,515000
「2020年梵蒂岡博物館專業修復人才培訓計畫」,513600
可樂王,510000
貳號,510000
kinono,510000
財團法人台北市文化基金會台北偶戲館,510000
人文國際股份有限公司南崁分公司,510000
梁勝欽,510000
酷聲勢音樂股份有限公司,505000
林光亮 Fuday Ciyo,500000
 三餘文化股份有限公司,500000
雅痞寶包創意影片有限公司,500000
財團法人黃大魚文化藝術基金會,500000
財團法人白鷺鷥文教基金會,500000
築意國際空間藝術規劃股份有限公司,500000
打幫你樂團,500000
嘉義縣鄒族獵人協會,500000
鐵漢堂國際娛樂有限公司,500000
InTW舞影工作室,500000
好威視傳媒有限公司,500000
影像視覺藝術事業有限公司,500000
楊家佳,500000
亞力漫設計工作室,500000
邵豐文,500000
桃園市復興區觀光導覽協會,500000
暴風雨影業有限公司,500000
張文環故居,500000
財團法人十大傑出青年基金會,500000
春魚工作室,500000
不然，B計畫,500000
黃騰威,500000
嘉義縣鄒族庫巴特富野社文化發展協會,500000
財團法人親愛音樂文化基金會,500000
珍珠社區稻草工藝館 ,500000
彰化縣花壇鄉橋頭社區發展協會,500000
臺東市順天宮文物館,500000
社團法人台灣優質生命協會,500000
真快樂掌中劇團,500000
江峰,500000
楊凱淳,500000
竹東文創藝術村/范特喜微創文化,500000
周子娛樂有限公司,500000
催生音樂展演工作室,500000
石岡媽媽劇團,500000
清華學校財團法人桃園市清華高級中等學校,500000
奇響創意有限公司,500000
臺北市中正區南門口社區發展協會,500000
犢影制作電影有限公司 、瑪爾克電影有限公司,500000
官邸兒童館,500000
黃婉容,500000
20%實驗劇坊,500000
青鳥文化制作有限公司 南國青鳥書店,500000
智趣王數位科技股份有限公司,500000
陳永翔,500000
高雄市美濃區中圳社區發展協會,500000
陳凱筑,500000
社團法人台灣環境雕塑協會,500000
朱平,500000
社團法人台灣彩虹平權大平台協會,500000
柬式符號有限公司,500000
海島青年藝術製作有限公司,500000
李雅靖,500000
中國醫藥大學 立夫中醫藥展示館,500000
財團法人台北市北投文化基金會,500000
久藝傳播有限公司,500000
龍潭愛樂管弦樂團,500000
桃園市新住民族文化會館,500000
台北愛樂廣播股份有限公司,500000
果子電影有限公司,500000
孫運璿科技．人文紀念館,500000
中華民國截肢青少年輔健勵進會,500000
社團法人嘉義縣茶文化協進會,500000
方木有限公司,500000
財團法人台灣原住民文教基金會,500000
國立臺北藝術大學文化資源學院,500000
後山生活工坊,500000
新永安有線電視股份有限公司,500000
陳維翰,500000
Salah-D,500000
世紀當代舞團,500000
明華園天字戲劇團,500000
金鷹閣電視木偶劇團,500000
翁稷安,500000
曾偉旻,500000
熱風社電影有限公司,500000
大懿是吉有限公司,500000
吉祥物有限公司,500000
程雲佳,500000
楊挺玉,500000
Columbia University Press,500000
拓駱有限公司,500000
梓園書冊房,500000
台灣人文窯場展演館(華陶窯),500000
我們要爆紅國際影業有限公司,500000
社團法人台北市野鳥學會,500000
甲古棧文化創意有限公司,500000
袁子軒,500000
黃建旗,500000
阿底旦文化故事館,500000
飛爾創意有限公司,500000
連社工作室,500000
勝利不廢商號,500000
一本初衷電影有限公司,500000
頌國際音樂有限公司,500000
星濱山共創工作室 ,500000
詹凱毓,500000
致韋有限公司,500000
李燕淑,500000
史蓓思吧股份有限公司,500000
社團法人動畫特效協會,500000
國賓影城股份有限公司台南中華分公司,500000
魯夿旮音樂有限公司,500000
波谷影片有限公司,500000
蔚藍體驗工作室(雨都漫步),500000
沙港廣聖殿文物典藏館,500000
樂魚文創有限公司,500000
易禧樂學有限公司,500000
社團法人臺中市藝造豐原協會,500000
出發文創有限公司,500000
萌奇文創事業有限公司,500000
阿底旦故事文化館,500000
中華民國電影攝影協會,500000
台灣原生態協會,500000
Wydawnictwo Akademickie DIALOG Spółka z o.o.,500000
劉名晏,500000
光之路電影文化事業有限公司,500000
五楠圖書用品股份有限公司,500000
欒樹下書房 （典藏文創有限公司）,500000
財團法人原舞者文化藝術基金會,500000
頭分埔文化工作室,495000
黃世志電視木偶劇團,494000
樺訊科技有限公司,490000
筵齋文史工作室,490000
花蓮縣秀林鄉崇德社區發展協會,490000
邱家睿,490000
蔡咅璟,490000
阿推,490000
三日捲子,490000
周定邦,490000
愛吠的狗娛樂股份有限公司,490000
吳萬響掌中劇團,490000
古勒勒.伐基尚,490000
廖文彬,486000
KoKai,484000
薩那,480000
阿寶灰灰,480000
莫比斯圓環創作公社 ,480000
YinYin,480000
巫婆戲劇魔法故事屋,480000
すりお,480000
Editions Picquier,480000
JULAI,480000
109年在台居留藏人子女教育及急難救助專款專戶,480000
俞家燕,480000
Galerija Fotografija,480000
查理小姐,480000
"THOUSANDS OF BOOKS, Inc.",480000
大稻埕國際藝術節工作室,480000
YUI,480000
社團法人新北市知識重建促進會（永和社區大學）,470000
方惠美,470000
吳權倫,470000
臺東縣海端鄉瑪拉斯達邦永續協會,470000
社團法人台灣人權促進會,470000
趙譽,470000
王連晟,470000
郭俞平,465100
英狄思設計整合有限公司,465000
丁昶文,461000
賽夏族矮人祭場文物館,460000
黑書人,460000
社團法人臺中市國際關懷印尼協會,460000
硝子,460000
RH KOREA,460000
吳幸亞,450600
新北市五股區陸一社區發展協會,450000
弘熹娛樂有限公司,450000
雲林縣雲的故鄉照顧關懷發展協會,450000
王元德,450000
好極了娛樂事業有限公司,450000
廖曉彤,450000
株式會社白水社,450000
榮江股份有限公司新月影城分公司,450000
六堆文化傳播社,450000
鯤鯓影像有限公司,450000
水面上與水面下劇場,450000
九子,450000
社團法人中華民國身心障礙者自立更生創業協會,450000
社團法人臺灣原鄉產業發展協會,450000
簡曉娟,450000
方城記數位影像股份有限公司,450000
十方藝術社,450000
財團法人鄭南榕基金會,450000
陳韻亘,450000
姚欽晨,450000
練任,450000
野視創意工作室,450000
何堯智,450000
川堂文化有限公司,450000
賴有賢,450000
財團法人原舞者文化藝術基金會  ,450000
邱千芳,450000
2020朱宗慶打擊樂團丹麥皇家音樂學院Percussion PLUSE Festival 2020演出,450000
Oriental Literature Publishing House,450000
ANTENNA牛魚,450000
卡到音即興樂團,450000
劉哲彰,450000
台灣文學學會,450000
奔放樂集,450000
Oomzicc Publisher 動詞出版社,450000
社團法人台灣國際影音與教育協會,450000
筆頭Penpoint,450000
社團法人台灣公益聯盟,450000
Honford Star Ltd.,450000
楫文社,450000
財團法人台北市婦女救援社會福利事業基金會,450000
台北市視障者家長協會,450000
社團法人高雄市心理復健協會,450000
打狗英國領事館(文化園區),450000
曜陽光電影製作有限公司,450000
劉惠月,450000
嘉義縣梅山鄉太和社區發展協會,450000
社團法人台灣生態登山教育協會,450000
新屋區農會稻米故事館,450000
花蓮縣噶瑪蘭族發展協會,450000
財團法人社教文化基金會,446000
台東縣故事協會,440000
貓人中,440000
四方四隅文娛國際股份有限公司,440000
酒十九,440000
非常廟藝文空間,440000
李晴,440000
スノーマン (Sunooman),440000
覺醒藝術策展有限公司,437600
劉芸怡,430000
奇哥,430000
社團法人台灣冤獄平反協會,430000
新客家廣播事業股份有限公司,430000
一拍即合音樂文化有限公司,430000
毛豬,430000
郭知藝,428000
周郁齡,428000
黃又文,428000
徐詩雨,428000
NISIN/羊寧欣/蠢羊,428000
李穎軍,428000
柯念璞,428000
高雄市旗山尊懷活水人文協會,425000
多曼尼製作有限公司,425000
棨司創意有限公司,420000
溫智儀,420000
南投縣草屯鎮御史社區發展協會,420000
廖烜榛,420000
彭歲玲,420000
林安琪,420000
財團法人耕莘文教基金會,420000
連明偉,420000
大器創意有限公司,410000
OOPEACH,410000
余余劇場,410000
邱騰毅,409282
拾念劇集,407000
朝富藝術文化有限公司,406000
琮淯設計工作室,405000
觀音山東華皮影劇團,404000
興傳奇青年劇場,403000
緣龍戲坊,402000
起點文化工作室,400000
無論如河獨立書店 (河氣生才商號),400000
民雄薪傳二手書店,400000
汪俐伶曖設計股份有限公司,400000
南投陶展館,400000
林梵音,400000
廣創貿易有限公司,400000
江湖開放工作室有限公司,400000
軟硬倍事,400000
Savungaz Valincinan,400000
胡氏藝術有限公司,400000
周佳穎,400000
葉守倫,400000
李明潔,400000
財團法人和平文教基金會,400000
社團法人台灣南美會,400000
耳東設計有限公司,400000
孫正學,400000
台灣勞動者協會,400000
斯洛伐克出版社 Perfekt.a.s.,400000
張碩尹,400000
莊佳穎,400000
韋宗成,400000
張郅忻,400000
紙寮窩造紙工坊,400000
劉鳳鴒,400000
五峰鄉原住民族館,400000
紅草莓向毒品Say No校園巡演,400000
OXYM劇團,400000
運河博物館,400000
花蓮縣吉安鄉阿美族文物館,400000
台灣太魯閣族語言發展學會,400000
禾藝藝術創意有限公司,400000
蔡子硯,400000
城東大院子文化有限公司,400000
不適者生存？—性別與藝術推廣教育計畫,400000
海之眼影像工作室,400000
好事國際文化事業有限公司,400000
「藝術家王文志－2020義大利『竹籬下(Under the Bamboo Tree)－ 瑪索內迷宮展』」,400000
阿推 AH TUI-PUSH COMIC,400000
月半工作室,400000
阿鳥,400000
岳印,400000
賴咏華,400000
尖石鄉原住民文化館,400000
董力玄,400000
柴郡貓文化傳播有限公司,400000
小魯文化事業股份有限公司,400000
就是你的有限公司,400000
謝思盈,400000
財團法人人智學教育基金會,400000
社團法人中華民國南洋台灣姊妹會,400000
劉啟祥美術紀念館,400000
雙連埤生態教室,400000
陳佑誠,400000
新竹縣龍瑛宗文學館,400000
台灣糖業博物館,400000
墨谷股份有限公司,400000
花蓮縣綠野香坡農村發展協會,400000
臺北市影劇歌舞服務職業工會,400000
晨光跳舞,400000
土庫鎮多功能文化展演館,400000
山上花園水道博物館,400000
"株式会社 翔泳社 (SHOEISHA Co., Ltd.)",400000
梅仔坑藝文推廣促進會(張文環故居),400000
東隆文化中心,400000
嘉義縣台三產業發展協會,400000
中華民國臺陽美術協會,400000
聽說聲音工作室,400000
江秉憲,400000
民權歌劇團,400000
南投縣信義鄉桐林社區發展協會,400000
做好文化有限公司,400000
臺東縣政府民政處,400000
台北市雜誌商業同業公會,400000
張徐展,400000
月球有限公司,400000
有風堂漆藝工坊,400000
藝朗股份有限公司,400000
李明維：禮,400000
小白馬音樂工作室,400000
風雅存創意有限公司,400000
NOBI璋,400000
許䕒文,400000
無敵影業資產管理股份有限公司,400000
逆風劇團,400000
日輪,400000
台灣靚好有限公司,400000
簡士頡,400000
行啟記念館,400000
萬榮鄉原住民文物館,400000
Camphor Press,400000
張守端,400000
大樹鳳梨罐頭故事館,400000
時光書店,400000
極至體能舞蹈團,400000
何日君再來劇團,400000
吳子齊,400000
提克Ticker,400000
咖哩東,400000
奕辰,400000
阿勉,400000
國立高雄大學（智慧城鄉永續發展中心）,400000
Kosaido Akatsuki Corporation,400000
社團法人南投縣南投女國際青年商會,400000
賴翠霜舞創劇場,400000
張雍,400000
土庫庄役場,400000
蓊蓊書店,400000
黃文鈴,400000
遠流出版事業股份有限公司,400000
索拉舞蹈空間舞團,400000
林懋陽故居（一德洋樓）,400000
余承燦,400000
台北市城市發展交流促進會,400000
宮原武熊宅邸,400000
玉山社出版事業股份有限公司,400000
勝利路137號,400000
Adoor Yeh,400000
臺南市兌悅文化推廣協會,400000
和英文化事業有限公司,400000
社團法人台灣同志運動發展協會,400000
圓劇團,400000
宮保睿,400000
財團法人吳三連臺灣史料基金會,400000
王功蚵藝文化館,400000
陳志強,400000
心心南管樂坊,400000
2020 第十六屆 人權之路 青年體驗營,400000
臺中市歷史建築林懋陽故居（一德洋樓）,400000
泰武鄉圖書文物館,400000
林羿綺,400000
林奇伯,395800
見域工作室,395000
林奕君,395000
許境洛,390000
悅萃坊,390000
財團法人李江却台語文教基金會,390000
李尚喬,390000
臺東縣南島社區大學發展協會,390000
日愛設計創意工作室,390000
鄒雅荃,390000
周代焌,390000
田家綾,390000
羅偉豪,390000
王熙淳,388000
啞忑,388000
薛祖杰,387000
歐宣國際開發設計有限公司,386000
台中市西屯區協和社區發展協會,385000
武玉玲,383060
縫而有限公司,381735
社團法人大小港邊地方創生協會,380000
社團法人屏東縣牡丹鄉高士社區發展協會,380000
澎湖縣望安鄉中社社區發展協會,380000
社團法人桃園市聾啞福利協進會,380000
Agathe Xu,380000
艾唯恩,380000
 阮光民,380000
Wei Middag,380000
南投縣中寮鄉永福社區發展協會,380000
陳柏言,380000
班與唐,380000
黃崇凱,380000
謝宜安,380000
TOKYODOSHUPPAN Co Ltd.,380000
林鹿祺,380000
楊若慈,380000
米吐司有限公司,378000
陳錫煌傳統掌中劇團,377683
藝英國際有限公司,376000
著迷時尚企業有限公司,375000
木馬文化事業股份有限公司,370000
林國峰,370000
賴俊儒,370000
香巴拉劇坊,370000
臺東縣影音紀錄學會,370000
基弟台 Gaydio,370000
Drachenhaus Verlag,370000
雲林縣古坑鄉古坑社區發展協會,370000
蕭添鎮民俗布袋戲團,370000
首傑藝術事業有限公司,370000
國立台灣大學,370000
黑夏,370000
唐福睿,370000
許瑞峰,370000
紅鼻子馬戲團,370000
卓彥廷,370000
後驛冊店,370000
臺北市紀錄片從業人員職業工會,368604
不利自己工作室,366275
咪仔,361000
江坤森,360600
洪秉綺,360600
楊乃璇,360600
陸姿蓉,360600
方彥翔,360600
張堅豪,360600
鄭亭亭,360600
廖祈羽,360000
一心戲劇團,360000
游圭秀,360000
張淳育,360000
游淑蓉,360000
雲林縣紫色姊妹協會,360000
艾諼,360000
阿色紀有限公司,360000
蘇凰蘭,360000
台南市月津文史發展協會,360000
財團法人蘆洲李宅古蹟維護文教基金會,360000
希簡商貿設計有限公司,360000
張旖容,360000
凌群,360000
彰化縣大村鄉新興社區發展協會,360000
Editorial Chronos,360000
LONLON,356000
臺中市潭子區聚興社區發展協會,355000
清華閣周祐名掌中劇團,354000
簡嘉誠,352000
共演化研究隊,350000
張英珉,350000
《愛唱歌的小熊》巡演計畫－台中場,350000
陳偉智,350000
及思有限公司,350000
李璐,350000
海湧工作室有限公司,350000
臺中市私立明道高級中學,350000
蒲帥成,350000
愛無限社會企業有限公司,350000
《無法對白》互動式移動劇場巡演計畫,350000
屏東縣霧臺鄉魯凱族文物館,350000
孫明立,350000
鍾伯淵,350000
2021《兩公約》第三次國家報告國際審查民間平行報告編撰暨翻譯推廣計畫,350000
屏東縣恆春鎮思想起民謠促進會,350000
王宥翔,350000
台客演詩劇團,350000
鄭琬蒨,350000
陳顥仁,350000
社團法人台灣共生青年協會,350000
Éditions du Seuil,350000
成功廣播股份有限公司,350000
新美農場故事地圖調查計畫,350000
盧怡君,350000
楊帛翰,350000
社團法人華人民主書院協會,350000
社團法人台灣土也社區行動協會,350000
黃懷德,350000
陳凱琳,350000
財團法人東海岸文教基金會,350000
安笳,350000
臺東縣金峰鄉小米學堂,350000
南投縣仁愛鄉松林社區發展協會,350000
七棵橡樹國際有限公司,350000
種子舞團,350000
廣下嘉,350000
數位共和國股份有限公司,350000
張桓溢,350000
南方書店,350000
魚池戲劇團,350000
劉瑋真,350000
社團法人台灣婦女團體全國聯合會,350000
大甲愛樂室內樂團,350000
財團法人婦女新知基金會,350000
藝境文化藝術有限公司,350000
嘉義縣崙尾天赦竹編發展協會,350000
莎小戲,350000
洪子如,350000
咚咚舞蹈團,350000
臺東縣自然與人文學會,350000
大事件行銷企劃有限公司,350000
台灣平埔原住民族文化學會,350000
新手書店股份有限公司,350000
蘇家班掌中劇坊,350000
高雄市管樂團,350000
絕版影像館,350000
害喜影音綜藝有限公司,350000
台灣默示原住民族語教學發展協會,350000
自然而然劇團,350000
夏和光影像有限公司,350000
LIBELLA,350000
南投縣草屯鎮草鞋墩鄉土文教協會,350000
開心劇團,350000
臺南市大內區石子瀨社區發展協會,350000
白岩企業有限公司,345225
傅雅雯,341000
彰化縣南彰化生活美學協會,341000
社團法人台灣國際家庭互助協會,340000
不老夢想125號/歷史建築臺中市長公館,340000
林文心,340000
堅持清白 32 年，冤案平反者蘇炳坤案書寫暨出版推廣計畫,340000
默語生態農業有限公司,340000
小峱峱,340000
A士,340000
林于玄,340000
銳朱工作室,340000
葉珈伶國際開發有限公司,340000
林楷倫,340000
Poëziecentrum,340000
可緹國際有限公司,340000
苗栗縣銅鑼鄉竹森社區發展協會,340000
蔡旻翰,335000
郭國相,335000
艾爾先生,332000
黃品玟,330000
莫仔有限公司,330000
台灣婦女人權運動史紀錄片製作計劃之前置企劃與調查研究,330000
蔡孟儒,330000
溪南寮興安宮,330000
雲林縣虎尾鎮頂溪社區發展協會,330000
中國電視事業股份有限公司,330000
離島出走工作室,330000
趙品瑄,330000
社團法人臺灣感染誌協會,330000
紀柏豪,327100
沈昭良,326000
小野心工作室,323800
陳麗香歌仔戲團,320000
台灣客家筆會,320000
社團法人台灣民間真相與和解促進會,320000
小兔子書坊,320000
臺灣外籍工作者發展協會,320000
南北管音樂戲曲館,320000
索拉舞蹈空間舞團 ,320000
邱子晏,320000
Eli Lin 依萊,320000
HeLo,320000
"Shoshikankanbou Co.,Ltd 書肆侃侃房",320000
國立嘉義大學,320000
"Hara Shobo Publishing Co., Ltd.",320000
祅風,320000
SEKAIBUNKA Books Inc.,320000
徐暋盛,314000
Arwen Huang/阿文,310000
臺中市神岡區大社社區發展協會,310000
甘樂文創志業股份有限公司,310000
黃舜廷,310000
許懿婷,306000
屏東縣泰武鄉佳平社區發展協會,305000
臺北醫學大學/通識教育中心,304876
許書瑜,303250
是路故事有限公司,300000
朱峯誼,300000
有限責任台北市地下社造勞動合作社,300000
劉俊雄,300000
姝姝文創有限公司,300000
泰雅文物館,300000
季風帶文化有限公司,300000
藍圖影業有限公司,300000
財團法人紀念殷海光先生學術基金會,300000
高雄市爵士芭蕾舞團,300000
支流企劃室,300000
蘇澳區漁會,300000
人生好難有限公司,300000
楊逵文教協會,300000
移動故事屋有限公司,300000
周育潤,300000
氫酸鉀,300000
尤麗雯,300000
新竹縣五峰鄉公所,300000
高雄市築夢新故鄉文化產業發展協會,300000
伊恩服裝設計,300000
鄒宛臻,300000
花蓮縣鳳林鎮北林三村社區發展協會,300000
風神寶寶兒童劇團,300000
林佳文,300000
酸屋,300000
財團法人社會發展文教基金會,300000
水面上與水面下劇團,300000
許郁楨,300000
新芳春茶行,300000
行啓記念館,300000
獨立互助創藝工作室,300000
高雄市寶來人文協會（原 寶來重建協會）,300000
台灣母語聯盟,300000
天台戲院股份有限公司,300000
戀風草青少年書房（公司名：戀風草創意有限公司）,300000
永樂座文化有限公司,300000
台日美術協會,300000
財團法人薛伯輝基金會,300000
菜園社區合唱團,300000
林昀姍,300000
新竹縣新埔鎮巨埔社區發展協會,300000
臺南市原住民文化會館,300000
原粹文化有限公司,300000
斯洛伐克DAXE出版社,300000
拾翠坊崑劇團,300000
放國際文創股份有限公司,300000
大屯有線電視股份有限公司,300000
馬翊航,300000
橘之鄉蜜餞形象館,300000
中華流行音樂國際交流協會,300000
李秀芬,300000
皮托派克工作室,300000
Fuka,300000
響座劇場,300000
式,300000
蔡介庭,300000
好耳朵音樂企劃股份有限公司,300000
邱怡青,300000
雲林縣休閒產業暨藝術文化發展協會,300000
台灣電影文創產業協會,300000
R1O(里約),300000
社團法人高雄市打狗文史再興會,300000
苔米青文化工作室,300000
薪傳兒童舞團,300000
Omusubisha (おむすび舎  ERI SHIMOTORI),300000
堤比迪文化有限公司,300000
林惇誠,300000
安可文創,300000
啡展國際股份有限公司,300000
有機稻場-稻米文化館,300000
李柏均,300000
株式會社   田畑書店,300000
思謀研器有限公司,300000
三四二號工作室,300000
財團法人原舞者文化藝術基金會 ,300000
沿著菊島旅行整合行銷工作室,300000
游書珣,300000
台中市聖心關懷協會,300000
林孟寰,300000
中華民國公共藝術教育發展協會,300000
楊喆甯,300000
徐承義,300000
戀風草創意有限公司,300000
維蘴設計有限公司,300000
古少騏,300000
雄獅圖書股份有限公司,300000
弘宛然古典布袋戲團,300000
永勝5號（由彩色膠囊公司成立）,300000
社團法人臺南市竹會,300000
半分藝術有限公司,300000
小牛頓科學教育有限公司,300000
周馥儀,300000
蔡承豪,300000
浯島文化製作有限公司,300000
南宮燠,300000
張學謙,300000
社團法人臺北大坑產業文化協會,300000
艸雨田舞蹈劇場,300000
株式会社三元社,300000
"Biblio Co., Ltd.",300000
孫立人將軍行館,300000
南方家園文化事業有限公司,300000
躍演,300000
林煜堯,300000
我是機車少女,300000
泰武鄉立圖書文物館,300000
憶林舍工作室,300000
財團法人台北獨奏家室內樂基金會,300000
國光歌劇團,300000
譚凱聰,300000
沙承垚,300000
台灣泰雅族瑪督烏瓦爾語言文化產業研究發展學會,300000
鄰人製作,300000
臺中市市定古蹟潭子摘星山莊,300000
郭宸瑋,300000
臺灣人類學與民族學學會,300000
鶵鳥藝文空間,300000
舞台劇「告別黑甜鄉的女人」巡迴展演暨觀後座談會,300000
蚊子,300000
陳冠宏,300000
莊衿葳,300000
臺灣卡那卡那富族發展協會,300000
"Kobunsha Co., Ltd.",300000
台灣伊日股份有限公司,300000
牧恩藝術有限公司,300000
二律悖反協作體,300000
仰望書房有限公司,300000
鄭郁琳,300000
動態自造有限公司,300000
Hohe Publisher,300000
游旻寧,300000
林玉琴,300000
大紅桔劇場,300000
飛馬文化聚場,300000
掀冊店（掀冊工作室）,300000
屏東縣里港鄉滇緬民俗文化協會,300000
草鞋墩鄉土文教協會,300000
文傳影視科技有限公司,300000
許俐葳,300000
+致怡ZEI+,300000
呈炘實業社,299390
柴屋有限公司,298000
名紡國際股份有限公司,297500
魏子千,295000
黃踹,292000
九手,290000
嘉義縣大埔鄉和平社區發展協會,290000
汪恩度,290000
向罕設計有限公司,290000
磐宇木偶劇團,290000
童育園,290000
Rio(里約),290000
Toho-shoten Ltd.,290000
陳柏煜,290000
林傳凱,290000
中華民國智障者家長總會,290000
陳信傑,290000
新北市光明頂農業發展協會,290000
蕭鈞毅,290000
台灣培力教育協會,290000
楊海彥,290000
盧信諺,290000
金儒農,290000
中華民國筆會,290000
LOLO,290000
Gato Negro Ediciones ,290000
曾耀輝,290000
鄭婷文,290000
施藝蓁,290000
泰雅風情舞蹈團,290000
江口股份有限公司,285000
社團法人臺灣新移民協會,285000
蔡威德,285000
以社方有限公司,285000
社團法人社區大學全國促進會,285000
台灣原住民族語言發展學會,285000
陳世鴻,284000
ＨＯＭ,284000
臺南市竹會,282000
新竹縣政府,280000
南投縣桃米休閒農業區推展協會,280000
字畝文化創意有限公司,280000
王正祥,280000
質物霽畫有限公司,280000
愛理文創工作室,280000
GENTOSHA INC.,280000
社團法人台灣國際勞工協會,280000
張昕雅,280000
「慰安婦」人權運動之「女性國際戰犯法庭」史料後期暨教育推廣計畫,280000
杵音文化藝術團,280000
Gene,280000
鴻宣時尚整合行銷有限公司,280000
哈妮,280000
蔡凱文,280000
以勤設計有限公司,280000
社團法人希望共好發展協會,280000
陳沛珛,280000
全西園掌中劇團,280000
曹辰瑩,280000
台東劇團,280000
謝政融,280000
煙囪文創,280000
南投縣鹿谷鄉竹林社區發展協會,280000
社團法人宜蘭縣蘭陽創新發展協會,280000
許鐘尹,280000
林佳穎,280000
茆豐實業股份有限公司,276562
林光輝,276000
洋蔥設計有限公司,270938
臺東縣巴塱衛原生文化創輔協會,270000
曾稔育,270000
豆宜臻,270000
苗栗縣政府原住民族事務中心,270000
台灣城鄉風貌人文發展協會,270000
憶生文創工作室,270000
春美歌劇團,270000
蘇亞琪,270000
屏東縣屏東新故鄉文教發展協會,270000
Asta Wu,270000
藍眼淚樂團,270000
蘇郁婕,270000
左萱,266000
陳志建,261000
佘文瑛,261000
王湘靈,261000
苗栗縣磚家藝族協會,260000
曾慶強,260000
常勝,260000
"Shoshikankanbou Co., Ltd.",260000
Vince Kiadó és Kereskedelmi kft,260000
中華民國書法教育學會,260000
高雄市六龜區文武社區發展協會,260000
Ediciones El nido del fénix,260000
台灣推理作家協會,260000
"Hakusuisha Publishing Co., Ltd",260000
Xue,260000
Blacklist Studio Barcelona,260000
星願烏克麗麗樂團,259386
陳念宜,258000
泡泡創意股份有限公司,257533
袁志君,255000
台灣可及環境設計協會,255000
鄭鴻耀,252000
馮志銘,250000
永勝5號（彩色膠囊有限公司）,250000
墨刻出版股份有限公司,250000
凱樂思藝術,250000
恆星多媒體股份有限公司,250000
陳柏宗,250000
天宏園掌中劇團,250000
財團法人印刷創新科技研究發展中心,250000
Eli Lin,250000
新竹縣圖書館,250000
中華民國聲暉聯合會,250000
NOFI,250000
Be劇團,250000
社團法人監所關注小組,250000
財團法人馨築文化基金會,250000
黃致中,250000
明目文化事業有限公司,250000
臺北市藝術創作者職業工會 ,250000
ARM Corporation,250000
馬戲之門,250000
書林出版有限公司（書林書店）,250000
吳佳韋,250000
「米蘭設計週(Milano Design Week：Isola Design District)發表暨交流計畫」,250000
影市堂股份有限公司 ,250000
鐘建仁,250000
野我劇場,250000
蔡佩倫,250000
林珮瑜,250000
吳思惠,250000
斯洛伐克Perfekt出版社,250000
台灣麥提伊馬卡道族文化復興協會,250000
 社團法人台灣泰雅族語言文化研究發展學會,250000
舊事書坊咖啡,250000
玩印工作室,250000
騙人小鬼愛阿布,250000
書虫股份有限公司,250000
當今流行商號,250000
add editore s.r.l.,250000
社團法人雲林縣雲林故事人協會,250000
林俐馨,250000
許立衡,250000
張敬業,250000
中華民國台灣地區戒嚴時期政治事件處理協會,250000
南投縣南投市嘉興社區發展協會,250000
范芷綺,250000
彰化縣二水鄉源泉社區發展協會,250000
林巧鄉,250000
吳家昀,250000
小間書菜坊,250000
屏東聯合管樂團,250000
海拾捌工作室,250000
笑林豪傑,250000
一八四一書店,250000
日榮本屋工作室,250000
吳孟軒,250000
雜草稍慢,250000
財團法人國際新象文教基金會,250000
狐狸,250000
劉星佑,250000
Jade Dance Theatre 玉舞蹈劇場,250000
吳瑾蓉/廖敏凱,250000
七木人文空間書房,250000
台東縣池上鄉福原社區發展協會,250000
耕耘工場,250000
郭凱遠,250000
鄧慧恩/徐元,250000
綿羊犬藝術有限公司,250000
林佳霖,250000
城市透鏡文化有限公司,250000
彭懷德,250000
高雄市寶來人文協會,250000
于尚民,250000
洪裕淵/侯宗華,250000
蘇格貓底二手書咖啡屋,250000
明目文化事業有限公司台北門市部,250000
軍歌館,250000
青韵合唱團,250000
張世嫺,250000
花蓮縣原住民族藝術文化傳播協進會,250000
嘉義縣鄒族藝術創新應用發展協會,250000
陳冠宇,250000
角八打片有限公司,250000
新北市文史學會,250000
國立東華大學歷史學系暨大眾史學研究中心,250000
窺視者劇團,250000
陳柏宗/陳芃文,250000
日榮本屋,250000
臺灣省舞獅技藝會,250000
【海的時候】,250000
Yooooko妖子,250000
吳依宣,250000
某某某的工具箱劇團,250000
H.A.B（H&S company）,250000
動腦傳播股份有限公司,250000
蕭信維,250000
洪碩鴻,250000
舞工廠舞團,250000
空場,250000
薛又菱,250000
古義商行,250000
蕭柏凡,250000
財團法人陳景容文教基金會,250000
Misuzu Shobo Ltd.,250000
Borim Press,250000
王秀容,250000
伊西恩兔映像有限公司 ,250000
小小創意有限公司,250000
台灣歌仔戲班劇團,250000
台灣傳統技藝推廣協會,250000
吳瑾蓉,250000
倩藝股份有限公司,250000
春臨臺灣文化事業坊,249580
南投縣竹山鎮中崎社區發展協會,248000
九雛影像工作室有限公司,245000
高雄市立小港醫院(委託財團法人高雄醫學大學經營),240000
黃俊維,240000
許碧芳,240000
大幫你工作室,240000
李世源,240000
阮永翰,240000
彰化縣伸港鄉溪底社區發展協會,240000
陳志寧,240000
許勝欽,240000
澎湖縣白沙鄉小赤社區發展協會,240000
希望行銷娛樂有限公司,240000
Mi:Lu Publishing s.r.o.,240000
Koeh JūnTêng 郭潤庭,240000
Howard Yang,240000
勝秋戲劇團,240000
徐禎苓,240000
亦宛然掌中劇團,240000
歐兔數位映像有限公司,240000
台灣阿美族語言永續發展學會,240000
林根陣,240000
臺中市山城生活美學關懷協會,240000
張蕙羽,240000
臺北海鷗劇場,240000
Arwen Huang 阿文,240000
透藍設計有限公司,235000
高雄市大寮區後庄社區發展協會,235000
愛莫,234000
eigoMANGA LLC,230000
羅娜霖卡夫的家 工作室,230000
賴文英,230000
銳朱⼯作室,230000
花蓮縣富里鄉大庄公廨協會,230000
"Matichon Public Co., Ltd.",230000
貳作劇團,230000
花蓮縣原民扶助協會,230000
文瑟家有限公司,230000
金門縣金城鎮南門天后宮,230000
"株式会社光文社（Kobunsha Co., Ltd.）",230000
劉穎捷,230000
谿品設計有限公司,230000
後院企業有限公司,230000
李滄杰,228000
其雄布袋戲團,228000
彭劉安松,228000
不貳偶劇,226000
陳小雅,222000
嗎啡羊,220000
鄭智陽,220000
陽明高雄海洋探索館,220000
Vince Kiadó- és Kereskedelmi kft,220000
高銘和,220000
葉佳緯,220000
光煥設計工作室,220000
中興大學,220000
兒路創作藝術工寮,220000
財團法人彰化縣公益頻道基金會,220000
林婕穎,220000
⺼球有限公司,220000
闊世電影股份有限公司,220000
シート雲,220000
沈信宏,220000
Camelozampa snc,220000
城邦文化事業股份有限公司 臉譜出版事業部,220000
天大影業股份有限公司,220000
蕭瑋萱,220000
曹麗華,220000
杜杜家族工作室,220000
Jelenkor Kiadó,220000
趙又萱,219100
林玉菁,216800
BIGUN,216000
財團法人國家電影中心,212900
堂堂正正藝文工作室,212378
「2020年原住民族人權與法制論壇」計畫,210000
木下曰本工作室,210000
紀凱淵,210000
株式會社 田畑書店,210000
淦啥有限公司,210000
南投縣地方產業群聚發展協會,210000
東安社區發展協會,210000
挑品國際股份有限公司,210000
台灣高山舞集文化藝術服務團,210000
大吉林設計行,210000
南投縣信義鄉部落文化經濟協會,210000
卓也文旅景觀事業有限公司,210000
李婷歡,210000
Ms.David,210000
"Mitsumura Educational Co., Ltd.",210000
黃家祥,210000
謬思藝享有限公司,210000
楊季涓,210000
臺中市烏日區光德文化協會,210000
南方薪傳歌仔戲劇團,210000
Hosei University Press,210000
哲學新媒體有限公司,205900
七星生活美學傳統戲劇團,205000
社團法人南投縣欣欣關懷協會,205000
張雪鳳,200000
黃大魚兒童劇團,200000
中華民俗藝陣研究室,200000
霧臺鄉魯凱族文物館,200000
長弓舞蹈劇場 ,200000
Jade Dance Theatre玉舞蹈劇場,200000
台灣農坔學坊發展協會,200000
聯禾有線電視股份有限公司,200000
蕭靜文舞蹈團,200000
藍色窗簾,200000
台灣電子書城股份有限公司,200000
草根出版事業有限公司,200000
春麵樂隊ChuNoodle,200000
「余德慧，一位心理學家的逃逸」台灣文化心理現象反思與對話計畫,200000
隱分子,200000
靜宜大學,200000
劉彥成,200000
"Nha Nam Publishing & Communication JSC.,",200000
大台中數位有線電視股份有限公司,200000
彰化縣線西鄉老人會,200000
奇兒,200000
社團法人南投縣竹鹿文化藝術觀光協會,200000
福田檜木傢俱行,200000
梅子夢工廠（驛站）,200000
邱士杰,200000
蕭如松藝術園區,200000
YoChen,200000
城心文化有限公司,200000
煮煮陶鍋咖啡工作室,200000
游淑貞,200000
十貳劇場劇團,200000
廖育伶,200000
安卓藝術股份有限公司,200000
林亭葳WEWE,200000
台文筆會,200000
小西園掌中劇團,200000
蔡宜汎,200000
爵代舞蹈劇場 ,200000
杜銘哲,200000
杉山兩兩,200000
永宏藝術設計有限公司,200000
黃玟菱,200000
社團法人高雄市大寮區愛家園協會,200000
推廣自閉症族群文化近用權之『遇見「三隻小豬」多元藝術畫展』,200000
閩南嶼文化事業股份有限公司,200000
歷史建築臺中放送局,200000
廖宣惠,200000
臺東縣臺東市強國社區發展協會,200000
TU EGO FUN PAN,200000
Editorial Cuadernos del Laberinto,200000
仙人掌鄉土工作室,200000
南天有線電視股份有限公司,200000
台灣芭蕾舞團,200000
台灣敘事力協會,200000
聲子樂集,200000
Vietnam Women's Publishing House,200000
財團法人跨界文教基金會,200000
麥提舞團,200000
財團法人天主教蘭陽青年會附設蘭陽舞蹈羅東團,200000
張可揚,200000
新竹縣劉興欽漫畫教育博物館,200000
人權何在：臺灣白色恐怖時期生命故事地圖,200000
劉書甫,200000
瑞芙塔國際時尚事業有限公司,200000
仁偉書局,200000
陳哲偉,200000
林港平,200000
王詩琪,200000
Mahô Editions,200000
??叫食農體驗館,200000
許藍琋,200000
台灣的店有限公司,200000
當代極簡樂團時光巡迴計畫,200000
蔡易澄,200000
台北首督芭蕾舞團,200000
赭月製作,200000
野視創意工作室（時之河書屋）,200000
台北崑劇團,200000
楊淳安,200000
財團法人上善人文基金會,200000
新北市政府觀光旅遊局,200000
財團法人蒲添生雕塑文化藝術基金會,200000
一本書店有限公司,200000
新莊文化藝術中心,200000
林陸傑,200000
109年「導電材料複合天然纖維開發創作補助計畫」-HMM,200000
Better Day Media Services Co Ltd,200000
廖珮婷,200000
嚐劇場,200000
亞洲國際藝術有限公司,200000
林冠宏,200000
好聽電影現場錄音有限公司,200000
社團法人台東縣布農族東群文教發展協會,200000
新竹市金山面文化協會,200000
水磨曲集崑劇團,200000
永興祥木業股份有限公司,200000
臺南市原住民部落聯盟協會,200000
晶晶藝廊,200000
Perfekt,200000
金門樂府傳統樂團,200000
囝仔人,200000
小本書手作插畫工作室,200000
朱盈俊,200000
理砌室內裝修設計有限公司 ,200000
吉安慶修院,200000
"Iwanamishoten, Publishers",200000
邱奕嘉,200000
鄭委晉,200000
周紫宸,200000
銀河谷音劇團,200000
國立成功大學台灣文學系,200000
聖謝承芳,200000
打狗亂歌團,200000
大可創藝,200000
徐若鈞,200000
財團法人中華花藝文教基金會,200000
慢移生活工作室,200000
109年「導電材料複合天然纖維開發創作補助計畫」-閱讀與轉譯,200000
Al Arabi Publishing and Distributing,200000
陳芝藟,200000
G5SH,200000
三省堂書局,200000
新國家的建築師—盧修一的國會身影（暫名）出版計畫,200000
亮棠文創劇場,200000
張鳳英,200000
台灣想像朋友寫作會,200000
高雄市關懷台籍老兵文化協會,200000
林志航,200000
尼谷那書房,200000
朱英韶,200000
華欣書店,200000
小陽。日栽書屋,200000
109年「導電材料複合天然纖維開發創作補助計畫」- HFF Fermantaurant 來自未來的朋友發酵晚宴,200000
鄭雅芝,200000
水面上與水面下,200000
金門縣野生動物救援暨保育協會,200000
泰雅原舞工坊,200000
高博倫,200000
廖昭豪,200000
台北青年管樂團,200000
社團法人苗栗縣同心園健康促進協會,200000
國立清華大學台灣文學研究所,200000
李于婷,200000
李逸婷,200000
邱敬婷,200000
財團法人臺北市關渡文化藝術基金會,200000
劉千瑋,200000
李欣穎,200000
呂昱,200000
中華舞蹈學會,200000
自由落體,200000
創豆設計工作室,200000
吳尚芸,200000
109年「導電材料複合天然纖維開發創作補助計畫」-Cyber Garden,200000
陸昕慈,200000
朱宥任,200000
霹靂小隊,200000
北視有線電視股份有限公司,200000
郭柏俞,200000
清豐國際藝術有限公司,200000
Walrussound海象之聲,200000
瘋狂秀股份有限公司,200000
錦町企劃有限公司,200000
江宜瑾,200000
財團法人台北市新合唱文化藝術基金會,200000
張育華,200000
施又熙,200000
舒國銘樂團,200000
不然，Ｂ計畫,200000
社團法人屏東縣身心障礙者自立協會,200000
鄧文貞,200000
中華民國兒童美術教育學會,200000
春陽號漁港小書房,200000
豐園漆藝資材行,200000
凹凸之外,200000
新北市政府教育局,200000
財團法人客家公共傳播基金會,200000
候青藝團,200000
洪淑昭,200000
"Heirakuji Shoten Co., Ltd",200000
顏廷如,200000
康嘉良,200000
羅莎艾倫國際有限公司,200000
huihui,200000
虎尾厝文化創意館,200000
古坑鄉立圖書館,200000
有限責任臺東縣金峰鄉原住民社區合作社,200000
呂眉均,200000
吳孟渝,200000
亞典圖書股份有限公司,200000
宣言製作工作室,200000
彰化縣埔鹽鄉大有社區發展協會,200000
暖暖書屋文化事業股份有限公司,200000
吳緯婷,200000
2021第二十一屆全國高中臺灣人文獎,200000
ビリー・シィェ(Billy Hsieh),200000
辛志平校長故居,200000
小地方有書 書店,200000
麗園有機農業學堂,200000
中華民國民族音樂學會,200000
大田出版有限公司,200000
為為設計有限公司,200000
拉飛兒工作室,200000
趙尚祖,200000
Crocodelia鱷魚迷幻,200000
好客在一起工作坊,200000
鹿比吠陀,200000
六藝樂集,200000
迪傑魔股份有限公司,200000
珍珠社區稻草工藝館,200000
ArtKB48 異音戰神莉莉司,200000
王毓茹,200000
印度達蘭薩拉羅布林卡西藏文化中心保護中心工藝師來臺交流計畫,199104
李如寶,195100
李桃,194000
劉吉雄,190000
那秋設計工作室,190000
廖顯耿,190000
彰化縣姊妹會,190000
謝旭昇,190000
龔韻文,190000
社團法人嘉義縣共好生活協會,190000
遞嬗樂團,190000
財團法人鄭福田文教基金會,190000
John Yu,190000
臺中市烏日區仁德里媽祖遶境十八庄文化推廣協會,190000
新竹縣芎林鄉客家文化傳統藝術協會,190000
實踐大學建築設計學系,190000
吐崽子,190000
黃耘,190000
彤漾藍工作室,190000
臺中市烏日區湖日社區發展協會,190000
飛望影像有限公司,189740
Kim Dong Publishing House,188250
吳品慧,187000
貝斯特多媒體工作室,186000
洪宜伶,185100
陳向榮,185100
呂巧智,185100
許家禎,185100
劉致宏,185100
苗栗縣火炎山苑裡沖積扇平原生態人文發展協會,185000
舊式咻掰文創工作室,185000
社團法人宜蘭縣員山鄉內城社區發展協會,180000
光興閣掌中劇團,180000
吳方摯,180000
壹零玖伍文史工作室,180000
日日商業股份有限公司,180000
自由國度—移工人權個案研究出版計畫,180000
楊勝博,180000
生命與人權教育再深化,180000
台北城市散步,180000
傅智恒,180000
洪宏,180000
中華道教民俗文化學會,180000
嘉義市傳統文化與技藝協會,180000
鄭致廷,180000
許雁婷,180000
高雄皮影戲劇團,180000
金門傀儡戲劇團,180000
羅智信,180000
李宜霖,180000
臺中市大里區竹仔坑社區發展協會,180000
麗生百合國際娛樂股份有限公司,180000
曾彥翔,180000
阿文 Arwen ,180000
財團法人周大觀文教基金會 ,180000
古都掌中劇團,180000
單挑概念工作室,180000
財團法人方圓文化藝術基金會,180000
謝家瑜,180000
台中市豐原區豐田社區發展協會,180000
力野茶陶所,180000
臺中市客家音樂曲藝研究學會,180000
雲林縣元長鄉子茂社區發展協會,180000
黃瑞芳,180000
宜蘭縣蘭陽戲劇團戲曲發展基金,180000
鄉城歌仔戲劇團,180000
清華財團法人桃園市清華高級中學,180000
正明龍歌劇團,180000
吳俊霖,180000
南投縣信義鄉羅娜社區發展協會,180000
多元樂學有限公司,180000
財團法人愛家文化事業基金會,180000
楊若榆,180000
林芸萱,180000
林韋汝,180000
台北愛樂青年合唱團,180000
台東縣蘭嶼天主教文化研究發展協會,180000
OÜ Päike ja Pilv,180000
米地書店,180000
中華心理衛生協會,180000
藍衫樂舞團,180000
捲貓,178000
賴志盛,177100
何珈寧,177100
林怡平,177100
胡農欣,177100
古陵霖,177100
吳俞萱,176700
門口活動工作室,176000
五洲勝義閣掌中劇團,176000
台灣竹樂團,175000
社團法人臺南市湯德章紀念協會,175000
集藝戲坊,175000
社團法人西藏台灣人權連線,175000
程杰,173976
黃文萱,173606
彰化縣線西鄉文化創意產業協會,172800
呂兆倉,170000
臺東縣鹿野鄉生活美學協會,170000
社團法人高雄市性別公民行動協會,170000
喆學家音樂文化有限公司,170000
天下雜誌股份有限公司,170000
風城崑劇團,170000
瓷鑫科技有限公司,170000
熊姿潔,170000
葛都桑音樂工作室,170000
蒲公英文創魅力舞劇團,170000
紙綸科技股份有限公司,170000
賴凱,170000
孫瑜鴻創意股份有限公司,170000
康爾富照明股份有限公司,170000
新協興歌劇團,170000
蕭鈺屏,170000
景澤創意有限公司,170000
迴想設計有限公司,170000
蕭珮宜,170000
陳瓊茹,170000
李燕華,170000
劉于仙,170000
壹樓設計有限公司,170000
王斯禹,169367
樂凱富有限公司,168000
林益彰,166000
曾嬿圩,165338
洪武通,165000
錦五洲掌中劇團,162000
白色記憶-《馬鞍藤的春天》影像出版及推廣計畫,160000
振聲社,160000
米克斯藝術空間,160000
Nazca Editions,160000
彥滔數位設計有限公司,160000
乙太文化有限公司,160000
邱杰森,160000
鄧兆鈞,160000
窯場文化社區教習劇場,160000
籟音多媒體有限公司,160000
蘇茉茉,160000
台北市寶藏巖文化村協會,160000
財團法人台灣基督長老教會宣教基金會,160000
陳姵琁,160000
陳繭,160000
海肚寶寶,160000
高昌貿易股份有限公司厝內分公司,160000
廖文豪,160000
鄭農軒,160000
林佑霖,160000
簡翊晉,160000
蔡尚孚,160000
彰化縣彰化市桃源社區發展協會,160000
知岸,160000
臺中市大雅區原住民生活教育協進會,160000
中華民國敬暉慈愛關懷協會,160000
張裕幸,160000
漫脈工作室,160000
都是設計有限公司,160000
南投縣埔里中心湖觀光發展協會,158000
何佳燕,157000
賴宗昀,156000
南風劇團,155600
安古蘭國際漫畫暨影像城駐村交流計畫申請_林庭歆,155420
未接來電,155420
B'bu-maqaw,155420
社團法人高雄市美濃愛鄉協進會,155000
謝吉吉,153000
五洲園今日掌中劇團,152000
waste戊,151640
內本鹿人文工作室,150000
自由人室內樂團,150000
中華民國文化研究學會,150000
慢靈魂文創媒體,150000
廖培劭,150000
馬慧廷,150000
阿油,150000
陳以恆,150000
槍擊潑辣,150000
Reycraft Books,150000
構築室內裝修設計工程有限公司,150000
COLD DEW,150000
葉衽榤,150000
精靈幻舞舞團,150000
陳履歡,150000
睡後故事,150000
陳元棠,150000
人權教育課程設計與實驗推廣計畫,150000
Chen Yi Chen,150000
打倒三明治 Sandwich Fail,150000
Yilith,150000
林楷育,150000
黑門山上的劇團,150000
洄聲說鼓舞樂團,150000
雲火Inferno火舞團,150000
E V E a.k.a. 酷酷小乖乖,150000
君涵樂坊,150000
現代文學館,150000
鄭伊里,150000
陳弘洋,150000
光速熊影像製作有限公司,150000
林方方,150000
雲林縣莿桐鄉溪美社區發展協會,150000
狂夢藝術,150000
陳家寶,150000
胡式合作社,150000
聯合報股份有限公司,150000
星期一回收日,150000
李世揚,150000
賴盈璋,150000
李葉,150000
C MUSICAL 製作,150000
林俊余,150000
王挺之,150000
李佳陵,150000
顏翩翩,150000
安室內樂團,150000
許朝宗,150000
李昀儒,150000
王宥婷,150000
黃博志,150000
趙偉丞,150000
樹德科技大學,150000
邱懷萱,150000
得陸・鳩浙恩澇,150000
四把椅子劇團,150000
勇氣書房,150000
劉品瑗,150000
長弓舞蹈劇場,150000
游家榕,150000
福爾摩沙巴洛克古樂團,150000
林恩順,150000
僑福芳草地畫廊股份有限公司,150000
SHOGAKUKAN INC.,150000
壞鞋子舞蹈劇場,150000
格林文化事業股份有限公司,150000
嘉義縣三界埔文化發展協會,150000
原生藝術文化工作室,150000
曹芬敏,150000
易潛企業有限公司,150000
葉王靖,150000
南投縣埔里鎮牛眠社區發展協會,150000
財團法人王道銀行教育基金會,150000
亞太胡琴樂團,150000
體熊專科。Major in Body Bear,150000
宏都磐石社區管理委員會,150000
蕭景馨,150000
清醒夢 Wake Back To Bed,150000
程佳慶,150000
物外有限公司,150000
巫佳琪,150000
才能有限公司,150000
人尹合作社,150000
勝洋休閒農場,150000
陳子彰爵士四重奏,150000
張宇欣,150000
林立涓,150000
五五身樂團,150000
磚木取夥故事劇場工作室,150000
問題總部 It's your fault,150000
秀威資訊科技股份有限公司,150000
臺灣人類學與民族學學會2021年會──基進的希望s?（Radical Hopes?）,150000
臺中市神岡區三角社區發展協會,150000
重田誠治,150000
陳煜典,150000
埔里鎮蜈蚣社區發展協會,150000
高美瑜,150000
周聖博,150000
Manía,150000
高詠婕,150000
林彥廷,150000
行草樂團Grass Walkers,150000
薪傳歌仔戲劇團,150000
Everydaze,150000
台北市晴光商圈雙城徒步街商業促進會,150000
簡麟懿,150000
大象藝術空間有限公司,150000
 漩指Music,150000
鄭順聰,150000
楊順宇,150000
張雅媛,150000
石青羅林,150000
艾秧樂集,150000
阿力夫．蘇比力克,150000
恐龍的皮 The Dinosaur’s Skin,150000
烏流 Kuroshio,150000
 阿力夫・蘇比力克,150000
原聲巴洛克樂團,150000
The Pure 人聲樂團,150000
白目樂隊,150000
財團法人台北市文化基金會新北投車站,150000
社團法人中華樂扶社會服務協會,150000
黃煌智,150000
社團法人台灣戒嚴時期政治受難者關懷協會,150000
林怡君,150000
魔數電腦多媒體股份有限公司,150000
社團法人台灣城鄉風貌人文發展協會,150000
柒木設計有限公司,150000
曾彥婷,150000
廖凰玎,150000
陳中統,150000
日升月鴻國際開發國際股份有限公司,150000
看日早晚,150000
臺中市清水生活美學協會,150000
李佳,150000
二本貓,150000
高雄市彌陀區農會,150000
偏執狂,150000
MAFANA樂團,150000
首都藝術事業有限公司,150000
林妏霜,150000
陳翰樂團,150000
荷爾蒙少年 Hormone Boys,150000
第七頻道樂團,150000
社團法人臺灣城鄉聚落永續發展協會,150000
胡雁婷,150000
黃昱,150000
財團法人石材暨資源產業研究發展中心,150000
身體氣象館,150000
生活美學館,150000
樂亮管絃樂團,150000
宏碩文化事業股份有限公司,150000
創夏設計有限公司,150000
李奎壁,150000
基隆故事劇場,150000
Fantasia人聲樂團,150000
淡江大學,150000
DSPS,150000
王品裙,150000
木匠兄妹科技有限公司,150000
MoonD'shake,150000
財團法人福修文化藝術基金會,150000
桃園市阿美族三一教育文化協會,150000
財團法人人本教育文教基金會,150000
Blueburn,150000
雙影創藝有限公司,150000
台北愛樂室內合唱團,150000
刺點創作工坊,150000
郭玉敏,150000
劉孟婷,150000
英普睿思科技有限公司,150000
文藻學校財團法人文藻外語大學東南亞語言教學中心,150000
財團法人彭明敏文教基金會,150000
胭脂虎RougeTiger,150000
許庭禎,150000
社團法人新北市知識重建促進會,150000
純白舍 Dance Lab,150000
書林書店,150000
依婉‧拿難,150000
陳珮榕,150000
列國桌遊有限公司,150000
陳漢聲,150000
Theseus忒修斯,150000
黃思農,150000
南華大學,150000
奧焠有限公司,150000
之間跨界文化事業股份有限公司,150000
臺灣癌症博物館,150000
楊和穎,150000
柔 米 Zoomie,150000
桃園市龍潭區石門社區發展協會,150000
鄭博元,150000
梁廷毓,150000
空表演實驗場,150000
社團法人臺北市歌仔戲推廣協會,150000
薛詒丹 ,150000
黃子軒樂團,147176
梁瀚云,147100
徐子涵,147100
葉怡利,147100
七逃藝術生活企業,145000
琅琊布袋戲團,144000
黃堂軒,142664
愛樂劇工廠,140000
宜蘭縣冬山鄉東城社區發展協會,140000
林玉婷,140000
社團法人金門縣金沙鎮忠孝新村社區發展協會,140000
新北市野薑文化協會,140000
墩點文史工作室,140000
飆飆先生,140000
陳薏如,140000
薛美華,140000
國立高雄大學,140000
鄧九雲,140000
MISMA Éditions,140000
台灣兒童文學學會,140000
臺東縣原鄉永續發展協會,140000
新世界掌中劇團,140000
雲林縣戲偶藝術發展協會,140000
「在莫斯科」歷史動畫劇本開發之研究調查,140000
臺灣原住民七腳川溪口部落發展協會,140000
吳郭魚藝文工作室,140000
中華民國周夢蝶詩獎學會,140000
顧廣毅,140000
周夢蝶詩獎學會,140000
臺東縣太麻里鄉日昇媽媽歌舞社,140000
台灣教師聯盟,140000
歌林音樂股份有限公司,140000
臺中市石岡區社區文化發展協會,140000
新竹縣關西鎮鄉土文化協會,140000
黃至正,140000
永興樂皮影劇團,140000
社團法人三界埔文化發展協會,140000
彰化縣彰化市華陽社區發展協會,140000
屏東縣來義鄉白鷺社區發展協會,140000
財團法人雲林縣螺陽文教基金會,140000
鄭文豪,140000
花蓮縣秀林鄉同禮部落自然生態自治協進會,136000
翁立美,135000
社團法人高雄市甲仙愛鄉協會,135000
成文企業有限公司,135000
簡士展,135000
陳明輝,135000
澎湖縣湖西鄉湖東社區發展協會,135000
林頴函,135000
台東回響樂團,131100
南投縣埔里鎮籃城社區發展協會,130000
屏東縣林邊鄉崎峰社區發展協會,130000
臺南市蕭壠社北頭洋發展協會,130000
林亮吟,130000
台北市大同區慶安社區發展協會,130000
臺東縣鹿野鄉龍田社區發展協會,130000
社團法人大抓周計畫教育協會,130000
臺東縣成功鎮愛鄉協會,130000
中華傳播學會,130000
大漢玉集劇藝團,130000
新竹市母語推廣協會,130000
施佩吟,130000
浩漢產品設計股份有限公司,130000
WeArt表演藝術平台,130000
國聲廣播股份有限公司,130000
何彥諺,130000
"Nha Nam Publishing & Communications JSC.,",130000
彰化縣秀水鄉金興社區發展協會,130000
許哲兢,130000
蕭建平電視木偶劇團,130000
新竹市香山區香村社區發展協會,130000
雲林縣虎尾鎮興中社區發展協會,130000
台灣行動研究學會,130000
臺東縣基督教種子之家全人關懷協會,130000
新民文化文史工作室,130000
新天鵝堡企業有限公司,130000
五洲秋峰園掌中劇團,130000
三青創意有限公司,130000
臺東縣半農半藝推廣協會,130000
社團法人臺中市向日文化協會,130000
社團法人臺灣勞動力就業發展協會,130000
磚木取夥故事劇場,130000
The Fur.樂團,129786
凱子包,127000
吳霞,125000
王麒愷,125000
呂婉君,125000
張佑維/陳彥廷,125000
陳柏宗/陳芃文/林亞佑,125000
財團法人海墘營文化藝術基金會,125000
彰化縣芳苑生活美學協會,125000
彰化縣永靖鄉四芳社區發展協會,125000
破繭而出樂團,124638
有限責任花蓮縣紅葉福利雞蛋生產合作社,120000
文藻學校財團法人文藻外語大學東南亞學系,120000
社團法人臺北市紅樓詩社,120000
艸創心演擊樂場,120000
柯瑋倫,120000
也品文藝工作室,120000
博彩廣告實業有限公司,120000
魏于嘉,120000
戴文嫺,120000
藝術與開放空間研究室,120000
林欣誼,120000
張卉歆,120000
彰化縣福興鄉番社社區發展協會,120000
社團法人臺中市白冷圳水流域發展協會,120000
洪瑋翎,120000
呂易倫,120000
許志誠,120000
臺南市菜寮溪產業觀光協會,120000
白色方塊工作室,120000
李敏綺,120000
楊秀娟,120000
Kvetuša Dašková Vydavateľstvo Q111,120000
台灣女性學學會,120000
周文鵬,120000
彰化縣和美鎮雅溝社區發展協會,120000
鴻明歌劇團,120000
臺東縣布送學會,120000
盧柏勳,120000
中華關愛身障者協會,120000
新樂園戲劇團,120000
陳姿尹,120000
台灣糖業股份有限公司尖山埤江南渡假村,120000
台東縣金峰鄉新興社區發展協會,120000
台北市在台西藏人福利協會,120000
王麗雯,120000
清華高級中學,120000
林祐聖,120000
社團法人新北市陶瓷釉藥研究協會,120000
有限責任新北市金水山城社區合作社,120000
苗栗縣三義雙潭雲火龍協會,120000
⽴創品牌國際有限公司,120000
余亭薇,120000
社團法人台灣海洋環境教育推廣協會,120000
花蓮縣富里鄉羅山社區發展協會,120000
南投縣水里鄉玉峰社區發展協會,120000
拾樂⽂化股份有限公司,120000
社團法人高雄市原住民婦女永續發展協會,120000
Ben and Judy表演實驗坊,120000
財團法人梅山文教基金會,120000
有限責任嘉義縣阿里山林業生產合作社,120000
奇意果國際有限公司,120000
社團法人台灣廢除死刑推動聯盟,120000
吳芊頤,120000
新竹縣芎林鄉永興社區發展協會,120000
社團法人台北市中華戲劇研究推行協會,120000
新竹縣社區規劃師協會,120000
吳修銘,120000
弛茗企業社,120000
玩童工作室,120000
養心文化餐飲事業,120000
南投縣水里鄉上安社區發展協會,120000
金門縣陶藝學會,120000
三和木藝工作坊,120000
社團法人草嶺社區發展協會,120000
紫園戲劇坊,120000
陳啟英,120000
殷豪飛,120000
古川設計有限公司,120000
初冊文化,120000
馮紀涵,120000
台灣兒童閱讀學會,115000
墟聲創營工作室,115000
新北市枋橋文化協會,115000
鍾適芳,113500
B.c.N.y,113470
Deca Joins樂團,113145
臺灣小鎮文化協會,110000
台東縣太麻里鄉多良社區發展協會,110000
台灣青銀共創行動學會,110000
臺東縣長濱鄉南竹湖社區發展協會,110000
韻清樂舞劇綜合藝術團,110000
賴怡安,110000
彰化縣客家文化藝術發展協會,110000
欒樹下書房（典藏文創有限公司）,110000
"Perfekt,a.s. ",110000
花蓮縣富里鄉造街協會,110000
台灣水沙連好生活文化協會,110000
社團法人台灣戲劇協進會,110000
道法自然探索有限公司,110000
林詩樺,110000
《解嚴之前的禁書》出版計畫,110000
西螺新興閣掌中劇團,110000
屏東縣九如鄉九明社區發展協會,110000
社團法人臺東縣布農青年永續發展協會,110000
臺北傳統戲劇團,110000
八斗喜說演班,108000
彰化縣北斗鎮生活美學協會,106000
盧薇喬,105000
張雪梅,105000
張玉漢,105000
林昱㚬,105000
彰化縣彰化市永樂商圈發展協會,105000
張琬婷,103200
搖滾貓,102000
張政凱,100000
陳永正,100000
碧鷺鷥時裝事業社,100000
蔡俊宜,100000
蔣韜,100000
顏芳姿,100000
多力米故事館,100000
楊朝皓,100000
高中哲學教育推廣計劃：美學、藝術與人生,100000
高雄市田寮區崇德社區發展協會,100000
謝曉琪,100000
劉惠蓉,100000
找回遺失的靈魂:田野調查暨藝術工作坊計畫,100000
財團法人基益慈善基金會,100000
喚劇團,100000
吳郁嫺,100000
北健有線電視股份有限公司,100000
竹塹北管藝術團,100000
六藝劇團,100000
衛武營國家藝術文化中心,100000
楊照【李明駿】,100000
咖啡貓【楊盈箴】,100000
王正雄,100000
蝦米視障人聲樂團,100000
財團法人周大觀文教基金會,100000
曹洛,100000
風之頌樂團,100000
半隻羊設計有限公司,100000
御書房藝廊,100000
港仔門工作室協會,100000
臺中市沙鹿區公明社區發展協會,100000
小劇場學校,100000
玉山民族樂團,100000
市民管樂團,100000
財團法人崇光女中文教基金會,100000
陳家琦,100000
梁瓊丹、陽氏萃恒,100000
艸艸設計有限公司,100000
城邦原創股份有限公司,100000
身授打擊音樂工作室,100000
山水米有機稻場,100000
新竹縣立交響管樂團,100000
臺灣創生發展協會,100000
洪嘉吟,100000
程筱媛,100000
新竹縣富興茶業文化館,100000
聯寶國際文化事業有限公司,100000
張家銘,100000
《女人屐痕Ⅳ》Herfootprints出版計畫,100000
南投縣竹山鎮延正社區發展協會,100000
阿美族學學會,100000
黃連煜,100000
拉縴人男聲合唱團,100000
陳心方,100000
黃麗淑,100000
新加坡春到河畔2020演出,100000
南桃園有線電視股份有限公司,100000
吳明義,100000
港都有線電視股份有限公司,100000
"斯洛伐克 Perfekt, a.s. 出版社",100000
赴法國尼斯亞洲藝術博物館辦理「極樂天堂-臺灣祭儀糊紙藝術展」計畫,100000
林奕其,100000
邱靖雅,100000
開翔國際展覽有限公司,100000
社團法人新竹市竹塹社教服務協會,100000
社團法人臺灣音樂典藏學會,100000
陳逸恩,100000
巨流圖書股份有限公司,100000
臺南市西拉雅文化協會,100000
內政部警政署警察廣播電臺,100000
Lucy【陳珮茹】、Lulu【盧俊諺】、Emma【陳怡安】、士玶【黃士玶】、賴可【賴冠宇】,100000
陳彥伯,100000
我在二手書店,100000
李超,100000
台東縣海端鄉瑪拉斯達邦永續協會,100000
頑書趣工作室,100000
284間空代替藝術關係,100000
李江却台語文教 基金會,100000
許程崴,100000
台東縣成功鎮信義社區發展協會,100000
萬花筒劇團,100000
財團法人新匯流文化基金會,100000
李季,100000
廖文和布袋戲團,100000
栩栩設計有限公司,100000
財團法人東元科技文教基金會,100000
淇武蘭農耕社,100000
社團法人台灣女書文化協會,100000
竹科廣播股份有限公司,100000
台亞客有限公司,100000
宜蘭縣佑聲戲劇協會,100000
財團法人楊三郎文教基金會,100000
日揚木業有限公司,100000
王智祥,100000
旭成建築有限公司,100000
全國廣播股份有限公司,100000
陳堯興,100000
Invoc.計畫,100000
羅婉瑜,100000
明華園日團歌仔戲,100000
2020日本橫濱表演藝術大會國際交流計畫,100000
臺中市新社區崑南社區發展協會,100000
黃意茹,100000
裝載記憶與歷史的行李箱─打造個人移動博物館初探計畫,100000
林彥宇、施嘯天、蔡嘉哲、張詠欣,100000
采風民俗工作室,100000
北港有線電視股份有限公司,100000
徐世賢,100000
阿芹妹【鍾依芹】、阿凱翔【張凱翔】,100000
台灣數位光訊科技股份有限公司,100000
唐妮、陳玥燊、張宸瑋,100000
葛昌惠,100000
雅柏【黃柏諺】,100000
諸羅設計有限公司,100000
黑名單護照計畫,100000
花蓮縣瑞穗鄉馬聚集部落發展協會,100000
宜蘭農校遺址展示館,100000
東道林園景觀工程顧問有限公司,100000
先生小姐以藝工作室,100000
陳芃諭,100000
滿馬那努文化藝術團,100000
象實隨創文化有限公司,100000
台灣自來水股份有限公司第五區管理處斗六服務所,100000
高遠文化事業有限公司,100000
臺北多元藝術空間青少年發展促進會,100000
趙忻儀,100000
中華展演文創發展協會,100000
雲樹雅集,100000
財團法人台北勞工教育電台基金會,100000
詠荏藝術咖啡空間,100000
2021年台灣文化協會100年：啟蒙的飛石活動,100000
新唐城有線電視事業股份有限公司,100000
賴奇霞,100000
呂永輝,100000
Fengta,100000
王佩雯,100000
師大白鹿洞書坊,100000
台灣國家政策研究協會,100000
臺中市農業創生協會,100000
李夢瀟,100000
台灣基督長老教會淡水教會,100000
成金文化整合工作室,100000
璐奇,100000
小步圖書館,100000
古伊琳,100000
埔里地方文化館（埔里藝文中心）,100000
紅瓦民族舞蹈團,100000
社團法人中華心理衛生協會,100000
聯合線上股份有限公司,100000
台灣陶藝學會,100000
惠豪文化事業有限公司,100000
正聲廣播股份有限公司臺中廣播電臺,100000
永佳樂有線電視股份有限公司,100000
張釋分,100000
點子貓科技有限公司,100000
張淳善,100000
小草大樹藝術生活學會,100000
韻鈴舞蹈團,100000
第11屆台灣近代戰爭史學術研討會,100000
望春風廣播股份有限公司,100000
張雅為,100000
臺東縣故事協會,100000
MIT米特薩克斯風重奏團,100000
社團法人多元藝術創作暨教育發展協會,100000
吳宇軒,100000
洪惠冠、蔡榮光,100000
新屋稻米故事館,100000
財團法人佳音廣播電台,100000
觀昇有線電視股份有限公司,100000
華星娛樂股份有限公司,100000
施昀佑,100000
《三軍》影像創作計畫,100000
澎湖縣探索未來發展協會,100000
黃致健,100000
財團法人聖揚文化藝術基金會,100000
喜思設計有限公司,100000
陳侑霏,100000
上品生活科技股份有限公司,100000
雙溪注腳工作室,100000
龍慎科技股份有限公司,100000
南投縣東埔蚋溪環境生態保護協會,100000
慶聯有線電視股份有限公司,100000
Luitingh-Sijthoff,100000
阿田教授【廖新田】、土豆仁【王裕仁】,100000
蔣若琳,100000
社團法人台灣泰雅族語言文化研究發展學會,100000
利沙企業有限公司,100000
翁瑋鴻,100000
社團法人花蓮縣梧繞部落文化產業發展協會,100000
台灣音樂紀錄社,99200
桐響爵士樂團,98709
高雄師範大學工業設計系林漢裕老師,98000
中華大學工業產品設計系廖柏晴老師,98000
國立雲林科技大學創意生活設計系蔡旺晉老師,98000
談談有限公司,97325
陳鈺杰,96940
全樂閣木偶劇團,96000
小西園第四代掌中劇團,96000
六藝音樂有限公司,94800
孩子氣娛樂股份有限公司,91450
阿布斯布農傳統服飾工作室,90000
郭立偉,90000
莎貝莉娜精靈印畫學院,90000
陳韋丞,90000
句逗企業社,90000
花蓮縣卓溪鄉石平部落文化產業推廣協會,90000
魚池鄉千歲國樂團,90000
臺東縣 心驛耕新關懷協會,90000
財團法人成長文教基金會,90000
財團法人社寮文教基金會,90000
林宣瀚,90000
陳佩瑜,90000
新竹縣新埔宗祠博物館推廣協會,90000
社團法人彰化縣愛加倍社區服務協會,90000
众擊有限公司,90000
一把蔥雜燴工作室,90000
花蓮縣壽豐鄉吉偉帝庵原住民部落發展協會,90000
陳韻如,90000
明興閣掌中劇團,90000
彰化縣溪州鄉圳寮社區發展協會,90000
許典甲,90000
花蓮縣富里鄉東里社區發展協會,90000
財團法人嘉義市二二八紀念文教基金會,90000
財團法人東台灣研究會文化藝術基金會,90000
蔡欣芸,90000
梁瓊文,90000
臺東縣池上鄉美學協會,90000
臺中市西區忠明社區發展協會,90000
高雄市鹽埕研究社,90000
劉慧瑛,90000
林道瑄,90000
彰化縣員林市十七份社區發展協會,90000
雲林縣土庫鎮越港社區發展協會,90000
陳韻文,90000
吳芸,90000
雲林縣斗南鎮林子社區發展協會,90000
王雅雍,90000
羅娜霖卡夫的家工作室,90000
黃于珊,90000
台東縣卡大地布文化發展協會,90000
陳俞君,90000
吳亭潔,90000
台中市創新教育發展協會,90000
陳俞霈,90000
彭思錡,90000
林俞君,90000
節奏部落工作室,90000
嘉義縣私立耶米幼兒園,90000
臺東縣阿美族學學會,90000
高雄歌劇團,90000
李慧珍,90000
鄭佳姍,90000
基隆市傳統民俗文化協會,90000
香港商黑市音樂股份有限公司臺灣分公司,88385
銘傳大學商品設計系林福年老師,87500
明志科技大學工業設計系許定洋老師,87500
明志科技大學工業設計系賴宛吟老師,87500
輔仁大學織品服裝學系李玉蓮老師,87500
中國科技大學視覺傳達設計系 黃榮順老師,87500
惡地農夫工作室,85000
左猫視覺工程工作社,85000
臺南市北區中樓社區發展協會,85000
良文藝文工作室,85000
社團法人台灣放伴教育協會,85000
臺南市鹽水區橋南社區發展協會,85000
雲林縣林內鄉城鄉永續發展協會,84000
微獵角旅人客廳有限公司,80000
洪瑋伶,80000
新竹縣芎林鄉上山社區發展協會,80000
109年「導電材料複合天然纖維開發創作補助計畫」-人,80000
財團法人花蓮縣邱安德文化藝術基金會,80000
台灣新高齡社區健康發展學會,80000
109年「導電材料複合天然纖維開發創作補助計畫」-鳴缸,80000
新北市三芝區樂天社區發展協會,80000
彰化縣福興鄉萬豐社區發展協會,80000
你說說工作室,80000
南努客錄影工作室,80000
白色城中－歷史探索與空間創作計畫,80000
唐禹婷,80000
財團法人蘭嶼廣播電台,80000
冬瓜山文創有限公司,80000
鐘雯齡,80000
社團法人台灣法學研究交流協會,80000
PSquare媒體實驗室,80000
鄭雅怡,80000
騆瑜,80000
新象畫會,80000
葉霑,80000
臺北市北投區洲美社區發展協會,80000
寬達國際開發有限公司,80000
格林威智藝術空間有限公司,80000
臺北市中正區櫻花社區發展協會,80000
何孟娟,80000
曾育萱,80000
路徑,80000
黃奕捷,80000
臺東縣攝影學會,80000
張競芝,80000
采樂箏琴有限公司,80000
獨立出版聯盟,80000
黑川互動媒體藝術有限公司,80000
109年「導電材料複合天然纖維開發創作補助計畫」-Feel free,80000
吳柏瑋,80000
繆思踏泥客藝術,80000
高金郎,80000
蔣日盈,80000
台灣街頭文化運動推廣協會,80000
陳冠蓉,80000
新北市三貂角文化發展協會,80000
陳庭怡,80000
臺東縣鹿野鄉瑞和社區發展協會,80000
軟陶藝術工作室,80000
社團法人屏東縣枋寮鄉新龍社區發展協會,80000
財團法人中韓文化基金會,80000
陳為榛,80000
新興閣掌中劇團,80000
歐順影音有限公司,80000
侯思齊,80000
蘭之馨文化音樂坊,80000
景勝戲劇團,80000
中華藝術交流協會,80000
國立臺灣師範大學歷史學系,80000
南管新錦珠劇團,80000
良事設計有限公司,80000
陳金花 ,80000
黑生起司創造股份有限公司,80000
社團法人台灣咾咕嶼協會,80000
劉奕堂,80000
陳亭安,80000
中華民國民俗藝術節協會,80000
黃進龍,80000
張婷雯,80000
嘉義縣阿里山鄉特富野社區發展協會,80000
果翼國際文創股份有限公司,80000
曾增譯,80000
金門縣金寧鄉昔果山社區發展協會,80000
臺南市慧馨關懷協會,80000
邱安忱,80000
陳禹桐,80000
張玉萍,80000
棟軍文創股份有限公司,80000
許程崴製作舞團,80000
2021後疫情時代・舞蹈新視野－慶祝舞蹈節演出活動暨飛鳳獎舞蹈獎頒獎典禮,80000
盧芛,80000
宜蘭縣比亞毫部落永續發展協會,80000
羅森有限公司,80000
雲林縣虎尾鎮安溪社區發展協會,80000
岩石商行,80000
李育貞,80000
嘉義縣布袋鎮布袋社區發展協會,80000
⼤器創意有限公司,80000
彰化縣彰化市平和社區發展協會,80000
中華民國獵人學校協會,80000
澎湖縣馬公市鐵線社區發展協會,80000
梨春園北管樂團,80000
嶺東科技大學創意產品設計系劉宜欣老師,78000
曾士榮,77399
社團法人屏東縣社區大學文教發展協會,76000
王洲明,75000
王秋雯,75000
金門縣金沙鎮何厝社區發展協會,75000
張繼文,75000
王顥燁,75000
郭家勳,75000
羅日生,75000
翌莎精品咖啡,75000
林君潔,75000
高雄市鳳山創新前進基地聯盟,75000
左達工作室,75000
彰化縣和美鎮源埤社區發展協會,73600
林信廷,72260
社團法人亞洲公共文化協會,72000
南混音樂工作室,71400
花蓮縣富里鄉富里社區發展協會,70000
臺南市北區振興社區發展協會,70000
臺中市烏日區仁德社區發展協會,70000
南投縣埔里鎮麒麟社區發展協會,70000
社團法人臺灣花園城市發展協會,70000
弦外織音藝術工作室,70000
朝陽科技大學,70000
黃嘉菱,70000
台灣法語譯者協會,70000
斑馬線文庫有限公司,70000
宏智國際文創股份有限公司,70000
屏東縣霧台鄉阿禮社區發展協會,70000
魂猴設計工作室,70000
澎湖縣湖西鄉菓葉社區發展協會,70000
秋帆書軒,70000
臺東縣延平鄉布谷拉夫部落永續協會,70000
彰化縣彰化市永福社區發展協會,70000
吳宇實,70000
高雄市大寮區中興社區發展協會,70000
澎湖縣湖西鄉南寮社區發展協會,70000
郭美芬,70000
高雄市杉林區日光小林社區發展協會,70000
瑪莉莉文化工作室,70000
許書維,70000
花蓮縣瑞穗社區發展協會,70000
嘉義縣新港鄉月眉社區發展協會,70000
屏東縣崁頂鄉四季紅生活文化促進會,70000
說鼓生活工坊,70000
智慧菓科技有限公司,70000
高雄市內門區金竹社區發展協會,70000
賀子裴,70000
馬斯林恩工作室,70000
屏東縣屏東市橋南社區發展協會,70000
花蓮縣瑞穗鄉生活美學協會,70000
花蓮縣卓溪鄉生活美學協會,70000
臺東縣長濱鄉膽曼社區發展協會,70000
梓鈞文創產業有限公司,70000
高雄市茄萣區金鑾太平歌樂社,70000
林怡瑄,70000
動力扮戲團,70000
李婉萱,70000
楊銘澤,70000
雲林縣崙背鄉讀書協會,70000
苗栗縣頭屋鄉明德社區發展協會,70000
社團法人臺東縣教育發展協會,70000
FLAVOR HUALIEN 文化推廣工作室,70000
陳又真,70000
林泓宇,70000
社團法人花蓮縣婦女公共事務發展協會,70000
蔡沂蓁,70000
張啟傅,70000
社團法人南投縣康建發展協會,70000
社團法人溪水藝術關懷發展協會,70000
彰化縣員林市林厝社區發展協會,70000
社團法人台灣基石純園協會,70000
許奕堃,70000
陳盈君,70000
高雄市鳳山城文化志工協會,70000
臺南巿店仔口文教協會,70000
台南應用科技大學,70000
臺南市水交社文化學會,70000
勃樂兒工作室,70000
頂山代天府,70000
李欣芫,70000
雲林縣斗南鎮新光社區發展協會,70000
金門縣金湖鎮新頭社區發展協會,70000
彰化縣埔鹽鄉豐澤社區發展協會,70000
社團法人台灣農村陣線,70000
胡孝誠,70000
張浥雯,70000
野人文化股份有限公司,70000
廣青合唱團,70000
周岳澄,68579
大葉大學工業設計系李朝金老師,67500
享作工作室,66000
雲林縣虎尾鎮堀頭社區發展協會,65600
張譽馨,65000
雲林縣海韻國樂社,60000
社團法人臺南市南瀛文化協會,60000
桃園市南崁文化協會,60000
黃柏鈞,60000
月一文食館,60000
台北市閱讀寫作協會,60000
苗栗縣部落創意文化產業協會,60000
社團法人高雄市魚菜共生推廣協會,60000
元樂閣木偶劇團,60000
向予書苑文化藝術工作室,60000
彰化縣基督教青年會,60000
圈谷資訊股份有限公司,60000
花蓮縣山海樂活協會,60000
臺中市鄉土文化學會,60000
台灣長期照護品質管理協會,60000
鳳鳴國劇團,60000
花蓮縣瑞穗鄉迦納納部落發展協會,60000
龔玉玲,60000
鳳鳴歌劇團,60000
鄭安齊,60000
傳承戲曲藝術劇坊,60000
社團法人新北市環境文教協會,60000
純粹室內樂團,60000
大間構造場,60000
臺中市社會企業發展學會,60000
臺中市大雅區大雅社區發展協會,60000
漾澄製作,60000
SHOW影劇團,60000
臺中市神岡區溪洲社區發展協會,60000
筆耕書店,60000
陳臻,60000
南投縣仁愛鄉清流社區發展協會,60000
都蘭小洋房工作室,60000
山嵐海燕文化工作室,60000
南投縣埔里鎮虎山社區發展協會,60000
發熱帶樂團,60000
臺南市安南區南興社區發展協會,60000
台灣風歌樂集,60000
財團法人淡水文化基金會〈淡水社區大學〉,60000
社團法人金門縣島嶼美學協會,60000
花蓮縣花蓮市 計工社區發展協會,60000
臺東縣卑南鄉初鹿社區發展協會,60000
屏東縣五溝水守護協會,60000
臺南市六甲區六甲社區發展協會,60000
財團法人主婦聯盟環境保護基金會,60000
桃園市魅力金三角地方特色產業發展協會,60000
傳奇藝術劇團,60000
新竹縣泰雅學堂教育協會,60000
臺中市十三寮聚落發展協會,60000
淡水南北軒,60000
常溫品牌製造坊,60000
同人誌數位有限公司,60000
彰化縣鹿港鎮菜園社區發展協會,60000
蒲添生雕塑工作室,60000
苗栗縣後龍灣發展協會,60000
社團法人新竹市科學城社區大學發展協會,60000
台東縣太麻里鄉香蘭社區發展協會,60000
台灣客家山歌團,60000
社團法人彰化縣秀水鄉馬興社區發展協會,60000
當漂流木遇見陶工作室,60000
御綺新時代劇坊,60000
雲林縣斗六市溪洲社區發展協會,60000
台灣國寶文創網路科技社,60000
優游設計有限公司,60000
金麟戲劇團,60000
沈慈珍,60000
和光接物環境設計有限公司,60000
台灣原住民族多元發展協會,60000
臺灣音像藝文協會,60000
屏東縣牡丹鄉石門社區發展協會,60000
財團法人天主教會花蓮教區富里天主堂,60000
唯，劇場,60000
台灣紹興學程,60000
台南市新化區礁坑社區發展協會,60000
臺中市沙轆社文化促進會,60000
愛相隨表演藝術團,60000
栩嘉商行,60000
雲林愛樂室內合唱團,60000
好好行銷有限公司,60000
社團法人高雄市關懷台灣協會,60000
柔聲音樂,60000
臺東縣鹿野鄉瑞豐社區發展協會,60000
黃兆嶔,60000
桃園市大園國際商圈發展協會,60000
臺中市好伴照顧協會,60000
宇晴虹電影工作室,60000
台中市神岡區圳堵社區發展協會,60000
「讓臺灣音樂的愛走出去－送愛俄羅斯公益 慈善音樂義演交流活動」,60000
李添貴,60000
單德興,56800
高雄市茄萣生態文化協會,56000
臺中市北屯區仁和社區發展協會,55000
李李司國際有限公司,55000
臺中市大肚區大肚社區發展協會,55000
南投縣竹山鎮和興社區發展協會,55000
彰化縣彰化市石牌社區發展協會,55000
客氣什麼文化事業有限公司,51600
財團法人真理大學,50000
新竹縣芎林鄉婦聯會,50000
南投縣埔里鎮蜈蚣社區發展協會,50000
余宛倫,50000
林潔妤,50000
劉怡辰,50000
成昀臻,50000
焦志方,50000
江芷均,50000
宜蘭縣員山鄉蓁巷社區發展協會,50000
桃園市社區營造協會,50000
臺東縣Likavung呂家望文化發展協會,50000
歌勒文傳工作室,50000
藝殿國際圖書有限公司,50000
謝子凡,50000
花蓮縣秀林鄉陶樸閣美學才藝發展協會,50000
臺東縣長濱鄉光榮社區發展協會,50000
新北市原住民族產業技能發展協進會,50000
王羽綺,50000
新北市越南新住民同鄉會,50000
李珮綺,50000
趙孝嚴,50000
彰化縣文化資產學會,50000
蔣浩然,50000
北港汾雅齋南管樂團,50000
財團法人邱再興文教基金會,50000
花蓮縣幸福生活美學交流協會,50000
屏東縣東港鎮海宮南樂社,50000
新北市書香文化推廣協會,50000
叁拾捌之壹工作室,50000
基隆市顧八斗協會,50000
財團法人宜蘭吳沙文化基金會,50000
臺東縣都蘭多元文化技藝發展協會,50000
桃園市東南亞藝文教育創新暨研究協會,50000
臺東縣臺東市後山生活美學協會,50000
弘雅三民圖書股份有限公司,50000
李麗珠,50000
李宇妍,50000
林婷立,50000
黃吉正,50000
語雨文化工作室,50000
唯劇場,50000
朱國良,50000
國立臺中科技大學,50000
陳柏伸,50000
壽豐鄉生活美學協會,50000
台東縣都蘭多元文化技藝發展協會,50000
博方文創事業有限公司,50000
嘉義市新移民女性關懷協會,50000
新北市猴硐礦工文史協會,50000
臺東縣鹿野鄉永昌社區發展協會,50000
邱玉媛,50000
苗栗縣羅庚埤觀光文化發展協會,50000
社團法人台灣周益記文化遺產永續發展協會,50000
新竹縣婦幼發展關懷協會,50000
部落微創影像工作室,50000
南投縣草屯鎮南埔社區發展協會,50000
苗栗縣公館鄉石墻社區發展協會,50000
飄緹亞,50000
清流文創有限公司,50000
臺灣耕牛文化協會,50000
宏寰貿易股份有限公司,50000
財團法人台灣省屏東縣東港東隆宮,50000
花蓮縣吉安鄉干城社區發展協會,50000
臺東縣臺東市豐年國民小學,50000
吳貞諭,50000
社團法人臺東縣心驛耕新關懷協會,50000
財團法人淡水文化基金會淡水社區大學,50000
臺南市新化區礁坑社區發展協會,50000
財團法人彰化縣文化基金會,50000
廖為民,50000
台灣城市國際文化交流協會,50000
雲林縣斗六市林頭社區發展協會,50000
新北市賽考利克山林智慧文化傳承協會,50000
臺南市玉井區望明社區發展協會,50000
新北市蘆洲區客家美音協會,50000
社團法人台北市眷村心文化協會,50000
謝孟庭,50000
吳孟瑾,50000
南投縣水里鄉頂崁社區發展協會 ,50000
財團法人福田樹木保育基金會,50000
花蓮縣秀林鄉部落交流協會,50000
朱瑞莉,50000
小島動畫股份有限公司,50000
陳宣伃,50000
哈娜古手作工坊,50000
雲林縣褒忠花鼓文化協會,50000
郭文田,50000
羅偵瑋,50000
日光小林社區發展協會,50000
屏東縣霧臺鄉佳暮社區發展協會,50000
臺東縣金峰鄉嘉蘭社區發展協會,50000
財團法人忠泰建築文化藝術基金會,50000
社團法人台北市文山區明興社區發展協會,50000
財團法人台北市文化基金會臺北偶戲館,50000
何蕙君,50000
苗栗縣精典文化協會,50000
林建宇,50000
徐佳瑩,50000
桃園市文化發展協會,50000
臺東縣鹿野鄉龍田崑慈堂,50000
茄冬文史協會,50000
臺中市順和共好發展協會,50000
社團法人Ibu原鄉兒少生涯教育協會,50000
吳冠廷,50000
島之島事業有限公司,50000
雲林縣莿桐鄉新莊社區發展協會,50000
中華民國詩情公民文化協會,50000
臺灣原住民族觀光協會,50000
臺中市山城人文產業發展協會,50000
社團法人中華國際身心障礙者生命教育推廣協會 ,50000
曾聖慈,50000
蔡嘉如,50000
鄭采和建築師事務所,50000
宜蘭縣員山鄉內城社區發展協會,50000
史瑋馨,50000
張家端,50000
新竹縣關西鎮藝術小鎮發展協會,50000
孔雅玄,50000
王佳安,50000
藝龍布袋戲劇團,50000
第二屆青少年哲學論說文寫作比賽,50000
雲林縣大埤鄉尚義社區發展協會,50000
臺灣有機半島協會,50000
無境文化事業股份有限公司,50000
臺中市霧峰區桐林社區發展協會,50000
台灣客家公共事務協會,50000
拾樂坊,50000
陳俞安,50000
南投縣草屯鎮復興社區發展協會,50000
梁庭嘉,50000
彰化縣花壇鄉文德社區發展協會,50000
小農文創有限公司,50000
呂宅著存堂,50000
書暢藝術工作室,50000
台南市普濟文史研究協會,50000
雷安平,50000
社團法人桃園藝文陣線,50000
高雄市台灣文創交流協會,50000
社團法人屏東縣臻愛關懷協會,50000
吳宗賢,50000
劉欣儒,50000
佳馨居家護理所,50000
彰化縣和美鎮面前社區發展協會,50000
鄭登義,50000
TIFA多元綜藝團,50000
梁鈞凱,50000
羅崴,50000
南投縣竹山鎮富州社區發展協會,50000
屏東縣琉球鄉小琉球城鄉永續發展協會,50000
屏東縣來義鄉靈佳樂祖靈屋傳統文化協會,50000
南投市嘉興社區發展協會,50000
基隆市社造福利服務協會,50000
赫思西亞品牌創意有限公司,50000
桃布里文化創作空間,50000
石梯窯工作室,50000
張皓鈞,50000
台灣人文學社,50000
宜蘭縣大同鄉觀光休閒產業發展協會,50000
新北市環境文教協會,50000
零企藝術企劃工作坊,50000
花蓮縣鄉村社區大學發展協會,50000
明星園掌中劇團,50000
台中市生活美學協會,50000
吳冠萱,50000
臺中市創新教育發展協會,50000
社團法人雲林縣四湖鄉沙崙湖文史關懷協會,50000
klbiun(奇萊)合唱團,50000
丹麥社區管理委員會,50000
臺中市和平區健康促進推廣協會,50000
宜蘭縣北投社文化發展協會,50000
財團法人崇德文化教育基金會,50000
林書如,50000
陳薏文,50000
屏東縣原住民新潮流文化產業發展協會,50000
埕三藝術有限公司,50000
花蓮縣陽光婦女協會,50000
花蓮縣萬榮鄉紅葉社區發展協會,50000
金華龍掌中劇團,50000
高雄市湖內區文賢社區發展協會,50000
傛瑞國際股份有限公司,50000
風動室內樂團,50000
台灣人文學社2021理論營－「幻」,48500
桃興閣掌中劇團,48000
台中朝藝閣掌中劇團,48000
臺灣內陸歐亞學會,47300
亞德音響有限公司,47200
朱芳毅,47000
有限責任臺中市林業生產合作社,45000
王虹凱 ,45000
社團法人中華仁道關懷協會,45000
音樂達人影音製作有限公司,44200
好想生活本舖有限公司,44000
吳永毅,43955
寶象陶瓷藝術坊,43900
林育世,43230
磚窯民宿,40000
社團法人彰化縣脊髓損傷重建協會,40000
臺中市向日文化協會,40000
桃園市遊田野自然文史創育協會,40000
彰化縣秀水鄉惠來社區發展協會,40000
東裝時代有限公司,40000
南投縣信義鄉達瑪巒原住民重生協會,40000
雲林縣元長鄉五塊社區發展協會,40000
立群書局,40000
基隆市哨船頭商圈發展協會,40000
臺中市石岡區金星社區發展協會,40000
雲林縣林內鄉烏麻社區發展協會,40000
彰化縣竹塘鄉民靖社區發展協會,40000
財團法人新埔潘欽龍教育基金會,40000
南投縣仁愛鄉中原社區發展協會,40000
斗六市三光社區發展協會,40000
南投縣埔里鎮慈恩社區發展協會,40000
臺中市石岡區萬興社區發展協會,40000
宜蘭縣冬山鄉順安社區發展協會,40000
桃園市藝酵巷弄協會,40000
台中聲五洲掌中劇團,40000
台中市艾馨婦女協進會,40000
臺中市南區永興社區發展協會,40000
臺中市梧棲區大庄社區發展協會,40000
臺中市清水區南社社區發展協會,40000
財團法人台灣基督長老教會布農中會 南山教會,40000
財團法人基督教芥菜種會,40000
墟聲創營有限公司,40000
台東縣金峰鄉嘉蘭社區發展協會,40000
台灣原住民文藝觀光經濟發展協會,40000
雲林縣大埤鄉豐岡社區發展協會,40000
廷宇影像工作室,40000
稻之城工作室,40000
林青億,40000
悠然舞集舞團,40000
南投縣沙連堡文化藝術策進會,40000
洪苑真,40000
花蓮縣司邁爾社區營造發展協會,40000
臺東縣長濱鄉生活美學協會,40000
雲林縣林內鄉林中社區發展協會,40000
彰化縣教師合唱團,40000
花蓮縣鳳林鎮鳳林生活美學協會,40000
花蓮縣花蓮市北濱社區發展協會,40000
吳明聲,40000
社團法人臺中市愛無礙協會,40000
社團法人彰化縣新移民協會,40000
社團法人雲林縣聲暉協進會,40000
臺中市南區南門社區發展協會,40000
花蓮縣吉安鄉太魯閣族發展協會,40000
臺東縣太陽Pacidal文化促進會,40000
林曉宣,40000
臺東縣長濱鄉農會,40000
王思婷,40000
台灣圖書室文化協會,40000
攪七個了文化工作室,40000
雲林縣麥寮鄉中興社區發展協會,40000
台北市社區大學民間促進會,40000
高雄市新住民文創藝能協會,40000
億達大樓管理委員會,40000
新竹縣北埔鄉水磜社區發展協會,40000
雲林縣林內鄉重興社區發展協會,40000
米巴亞企業有限公司,40000
雲林縣斗南鎮田頭社區發展協會,40000
臺中市社造文創美學學會,40000
彰化縣莿仔埤圳產業文化協會,40000
謝宛靜,40000
王新仁,40000
社團法人南投縣生活重建協會,40000
彰化縣農業創新經營發展協會,40000
種子樹屋手作坊,40000
苗栗縣銅鑼觀光產業協會,40000
臺中市太平區車籠埔文化發展協會,40000
羅士哲,40000
彰化縣慈愛姊妹會,40000
太日樂集,40000
社團法人彰化縣福興鄉西勢社區發展協會,40000
南投縣埔里鎮泰安宮,40000
花蓮縣平森永續發展協會,40000
張愷恩,40000
雲林縣斗南鎮人文協會,40000
雲林縣樂活社區推展協會,40000
漂鳥工作室,40000
彰化縣二水鄉生活美學協會,40000
彰化縣線西鄉頂庄社區發展協會,40000
線織屋多美有限公司,40000
臺中市立人媽媽合唱協進會,40000
林意庭,39000
林曉薇,38483
南投縣國姓鄉港源社區發展協會,38400
財團法人天主教善牧社會福利基金會,38000
相遇音樂有限公司,38000
杳桓有限公司,38000
臺中市石岡區和盛社區發展協會,38000
好玩國際文化股份有限公司,38000
大大國際娛樂股份有限公司,38000
蔡家偉,36213
新竹市故事協會,36000
屏東縣西西古文教協會,35500
陳金旺,35235
永躍國際有限公司,35100
台中市藝術人文教育發展協會,35000
南投縣二二八關懷協會,35000
社團法人臺中市社區終身學習推廣協會,35000
臺中烏日區光德文化協會,35000
立夏有限公司,32100
南投縣原民樸溯永續發展協會,32000
南投縣南投市營北社區發展協會,32000
KARAS押形,32000
雲林縣斗六市十三社區發展協會,32000
蘭室文創股份有限公司,30000
南投縣卡度部落文化產業促進會,30000
好好文薈工作室,30000
財團法人環境權保障基金會,30000
南投縣魚池鄉鹿篙社區發展協會,30000
鴻鑫研發顧問聯合企業,30000
台灣女性影像學會,30000
台灣武藝文化研究協會,30000
中華民國在地數位發展協會,30000
雲林縣古坑鄉樟湖社區發展協會,30000
韓正誼,30000
臺北市大安區錦華社區發展協會,30000
桃園市大溪區南興社區發展協會,30000
社團法人彰化縣就業能力教育協會,30000
基隆市教育關懷協會,30000
社團法人台中市東區東英社區發展協會,30000
花蓮縣瑞穗鄉瑞穗社區發展協會,30000
臺中市沙鹿區鹿寮社區發展協會,30000
叁個股份有限公司,30000
社團法人雲林縣北港生活美學文化協會,30000
宜蘭縣羅東鎮阿束社社區發展協會,30000
明山別館股份有限公司南投市營業處,30000
新竹縣芎林鄉共好發展協會,30000
新竹市私立閑谷幼兒園,30000
社團法人中華民國牧愛生命協會,30000
彰化縣線西鄉寓埔社區發展協會,30000
南投縣竹山鎮社區總體營造促進會,30000
屏東縣吉羅夫敢文教協會,30000
比魯工作室,30000
新西園掌中劇團,30000
台中市烏日區仁德社區發展協會,30000
社團法人桃園市濟世功德協進會,30000
心詠創意設計有限公司,30000
基隆市安樂區永康社區發展協會,30000
社團法人台中市西區大忠社區發展協會,30000
國產江山社區管理委員會,30000
社團法人中華紫藤文化協會,30000
泥藝工坊,30000
臺中市犂生活文化研究會,30000
吳昇樺,30000
桃園市楊梅區永平社區關懷協會,30000
桃園市原住民族住宅暨文化資源協會,30000
彰化縣秀水鄉馬興社區發展協會,30000
臺中市北屯區廍子社區發展協會,30000
王藝明掌中劇團,30000
中華民國普照慈善淨心協會,30000
台灣偏鄉閱讀推廣協會,30000
社團法人臺灣城鄉創客培力協會,30000
貳拾肆格有限公司,30000
彰化縣客家協會,30000
雲林縣寫生研究會,30000
蔡韻涵,30000
臺中市神岡北庄社區發展協會,30000
南投縣集集生活美學協會,30000
林佳瑩,30000
滾出趣創意生活有限公司,30000
臺中市二份埔文化協會,30000
新竹市婦女劇團,30000
彰化縣伸港鄉曾家社區發展協會,30000
新竹縣寶山鄉新城社區發展協會,30000
花蓮縣原住民權利關懷協會,30000
海邊長大工作室,30000
社團法人南投縣埔里鎮籃城社區發展協會,30000
陳秉浩,30000
王星淯,30000
臺中市東勢區石城社區發展協會,30000
社團法人台灣基督教展翔天地發展協會,30000
社團法人中華民國荒野保護協會,30000
苗栗縣明德社區養蜂復育中心協會,30000
桃園市客家文化發展協會,30000
財團法人影想文化藝術基金會,30000
屏東縣三地門鄉產業觀光文化協會,30000
賓士大樓管理委員會,30000
雲林縣牛埔仔文化發展協會,30000
財團法人台灣青年基金會,30000
南投縣竹生活文化促進協會,30000
屏東縣來義鄉嘉魯禮發‧魯飛禮飛家團傳承文化發展協會,30000
樂韻合唱團,30000
臺中市霧峰向日葵家園融合教育推廣協會,30000
花蓮縣玉里鎮三民社區發展協會,30000
臺東縣青銀共創社會暨環境關懷協會,30000
雲林縣褒忠鄉潮厝社區發展協會,30000
狗屎運爵士大樂團,30000
桃園市蘆竹區吉祥社區發展協會,30000
社團法人新竹市失智照顧協會,30000
社團法人雲林縣身心靈健康關懷協會,30000
彰化縣花壇鄉長沙社區發展協會,30000
蘇郁心,30000
社團法人台灣有本坊社區關懷協會,30000
華麗轉身股份有限公司,30000
彰化縣溪湖鎮西寮社區發展協會,30000
臺中市神岡區北庄社區發展協會,30000
木趣設計工作室,30000
基隆市社會教育協進會,30000
胡勛耀,30000
新竹縣合好一起錸社區融合推動協會,30000
臺中市烏日區東園社區發展協會,30000
新竹縣北埔鄉南興社區發展協會,30000
台灣綠色照護協會,30000
島的日常設計工作室,28800
陳宛芬,27000
奇門音像有限公司,26000
大黑天音樂有限公司,26000
財團法人高雄市張啓華文化藝術基金會,26000
巨擘藝術經紀有限公司,25800
她的文化事業有限公司,25800
彰化縣芬園鄉大竹社區發展協會,25600
沈俞樺,25000
李佩芬,25000
李雅雯,24150
圓頭製造有限公司,23600
朱芳誼,23000
郭冠伶,23000
余成忠,23000
臺中市石岡區梅子社區發展協會,22800
劉榮輝,22403
許旭倫,21000
雲林縣麥寮鄉楊厝社區發展協會,20000
台中市東區東勢社區發展協會,20000
太平合唱團,20000
臺中市潭子區福仁社區發展協會,20000
彰化縣彰化市光華社區發展協會,20000
雲林縣虎尾鎮竹圍子社區發展協會,20000
長青欣頌合唱團,20000
臺中市南區德義社區發展協會,20000
臺中市梧棲區五汊港發展協會,20000
南投縣名間鄉新北社區發展協會,20000
台中市南屯區南屯社區發展協會,20000
社團法人中國書法教育發展協會,20000
彰化縣彰化市富貴社區發展協會,20000
臺灣省中國古文字學會,20000
南投縣埔里鎮五十甲社區發展協會,20000
南投縣南崗生活美學協會,20000
臺中市黎明生活美學協會,20000
黃勝鳴,20000
李婉菁,20000
蠻藝術,20000
林志杰,20000
雲林縣虎尾鎮穎川社區發展協會,20000
彰化縣溪湖鎮北勢社區發展協會,20000
卓銘順,19337
艾格普蘭特艾格有限公司,19000
戴欣妤,16239
財團法人水源地文教基金會(互),15000
翠羽銀華工作室,15000
傅楓宸,14610
林妙芳,14474
丞創股份有限公司,14114
陳培澤,14000
獨樹依織工作室,14000
微一設計有限公司,14000
陳上荷,14000
李基宏,14000
林彥光,14000
加作有限公司,14000
謝佳珍,14000
易佑安,14000
陳慧慈,14000
何堂立,14000
張家毓,14000
劉祥驜,14000
鴻福陶藝坊,14000
陳瑞鳳,14000
洪桂花,14000
李榮烈,14000
積地工作室,14000
古亞,14000
銀之羽有限公司,14000
本芯有限公司,14000
采青窯業有限公司,14000
羅雨文,13884
天冠銀帽藝品社,13700
艾拓邦有限公司,13500
尬創意有限公司,13500
歐慧宜,12192
許珊珊,11422
添翼創越工作室,11392
陳希泓,11015
鄭銘梵,10973
陳琦顒,10025
陳寬容,10010
歐立婷,9102
班朋實業有限公司,9100
吳孟儒,8699
林若縈,7956
顏妤如,7660
孫福昇,6800
呂佳靜,5470
翁程軒,5402
楊佩曦,4330
周穎萱,3993
江郁航,3500
葉秀薇,2700
陳君岱,1380
賴艾暄,1060
靜慮藝術股份有限公司,0
國際扶輪RYEMT (Rotary Youth Exchange Multidistrict Taiwan of Districts)第12屆年會,0
飛獅國際娛樂股份有限公司,0
台灣城鄉特色發展協會,0
得藝文創國際股份有限公司,0
張逸軍,0
臺東縣原住民文化暨產業發展協會,0
